--
-- PostgreSQL database dump
--

-- Dumped from database version 9.6.1
-- Dumped by pg_dump version 9.6.1

SET statement_timeout = 0;
SET lock_timeout = 0;
SET idle_in_transaction_session_timeout = 0;
SET client_encoding = 'UTF8';
SET standard_conforming_strings = on;
SET check_function_bodies = false;
SET client_min_messages = warning;
SET row_security = off;

--
-- Name: plpgsql; Type: EXTENSION; Schema: -; Owner: 
--

CREATE EXTENSION IF NOT EXISTS plpgsql WITH SCHEMA pg_catalog;


--
-- Name: EXTENSION plpgsql; Type: COMMENT; Schema: -; Owner: 
--

COMMENT ON EXTENSION plpgsql IS 'PL/pgSQL procedural language';


SET search_path = public, pg_catalog;

SET default_tablespace = '';

SET default_with_oids = false;

--
-- Name: auth_group; Type: TABLE; Schema: public; Owner: josh
--

CREATE TABLE auth_group (
    id integer NOT NULL,
    name character varying(80) NOT NULL
);


ALTER TABLE auth_group OWNER TO josh;

--
-- Name: auth_group_id_seq; Type: SEQUENCE; Schema: public; Owner: josh
--

CREATE SEQUENCE auth_group_id_seq
    START WITH 1
    INCREMENT BY 1
    NO MINVALUE
    NO MAXVALUE
    CACHE 1;


ALTER TABLE auth_group_id_seq OWNER TO josh;

--
-- Name: auth_group_id_seq; Type: SEQUENCE OWNED BY; Schema: public; Owner: josh
--

ALTER SEQUENCE auth_group_id_seq OWNED BY auth_group.id;


--
-- Name: auth_group_permissions; Type: TABLE; Schema: public; Owner: josh
--

CREATE TABLE auth_group_permissions (
    id integer NOT NULL,
    group_id integer NOT NULL,
    permission_id integer NOT NULL
);


ALTER TABLE auth_group_permissions OWNER TO josh;

--
-- Name: auth_group_permissions_id_seq; Type: SEQUENCE; Schema: public; Owner: josh
--

CREATE SEQUENCE auth_group_permissions_id_seq
    START WITH 1
    INCREMENT BY 1
    NO MINVALUE
    NO MAXVALUE
    CACHE 1;


ALTER TABLE auth_group_permissions_id_seq OWNER TO josh;

--
-- Name: auth_group_permissions_id_seq; Type: SEQUENCE OWNED BY; Schema: public; Owner: josh
--

ALTER SEQUENCE auth_group_permissions_id_seq OWNED BY auth_group_permissions.id;


--
-- Name: auth_permission; Type: TABLE; Schema: public; Owner: josh
--

CREATE TABLE auth_permission (
    id integer NOT NULL,
    name character varying(255) NOT NULL,
    content_type_id integer NOT NULL,
    codename character varying(100) NOT NULL
);


ALTER TABLE auth_permission OWNER TO josh;

--
-- Name: auth_permission_id_seq; Type: SEQUENCE; Schema: public; Owner: josh
--

CREATE SEQUENCE auth_permission_id_seq
    START WITH 1
    INCREMENT BY 1
    NO MINVALUE
    NO MAXVALUE
    CACHE 1;


ALTER TABLE auth_permission_id_seq OWNER TO josh;

--
-- Name: auth_permission_id_seq; Type: SEQUENCE OWNED BY; Schema: public; Owner: josh
--

ALTER SEQUENCE auth_permission_id_seq OWNED BY auth_permission.id;


--
-- Name: auth_user; Type: TABLE; Schema: public; Owner: josh
--

CREATE TABLE auth_user (
    id integer NOT NULL,
    password character varying(128) NOT NULL,
    last_login timestamp with time zone,
    is_superuser boolean NOT NULL,
    username character varying(150) NOT NULL,
    first_name character varying(30) NOT NULL,
    last_name character varying(30) NOT NULL,
    email character varying(254) NOT NULL,
    is_staff boolean NOT NULL,
    is_active boolean NOT NULL,
    date_joined timestamp with time zone NOT NULL
);


ALTER TABLE auth_user OWNER TO josh;

--
-- Name: auth_user_groups; Type: TABLE; Schema: public; Owner: josh
--

CREATE TABLE auth_user_groups (
    id integer NOT NULL,
    user_id integer NOT NULL,
    group_id integer NOT NULL
);


ALTER TABLE auth_user_groups OWNER TO josh;

--
-- Name: auth_user_groups_id_seq; Type: SEQUENCE; Schema: public; Owner: josh
--

CREATE SEQUENCE auth_user_groups_id_seq
    START WITH 1
    INCREMENT BY 1
    NO MINVALUE
    NO MAXVALUE
    CACHE 1;


ALTER TABLE auth_user_groups_id_seq OWNER TO josh;

--
-- Name: auth_user_groups_id_seq; Type: SEQUENCE OWNED BY; Schema: public; Owner: josh
--

ALTER SEQUENCE auth_user_groups_id_seq OWNED BY auth_user_groups.id;


--
-- Name: auth_user_id_seq; Type: SEQUENCE; Schema: public; Owner: josh
--

CREATE SEQUENCE auth_user_id_seq
    START WITH 1
    INCREMENT BY 1
    NO MINVALUE
    NO MAXVALUE
    CACHE 1;


ALTER TABLE auth_user_id_seq OWNER TO josh;

--
-- Name: auth_user_id_seq; Type: SEQUENCE OWNED BY; Schema: public; Owner: josh
--

ALTER SEQUENCE auth_user_id_seq OWNED BY auth_user.id;


--
-- Name: auth_user_user_permissions; Type: TABLE; Schema: public; Owner: josh
--

CREATE TABLE auth_user_user_permissions (
    id integer NOT NULL,
    user_id integer NOT NULL,
    permission_id integer NOT NULL
);


ALTER TABLE auth_user_user_permissions OWNER TO josh;

--
-- Name: auth_user_user_permissions_id_seq; Type: SEQUENCE; Schema: public; Owner: josh
--

CREATE SEQUENCE auth_user_user_permissions_id_seq
    START WITH 1
    INCREMENT BY 1
    NO MINVALUE
    NO MAXVALUE
    CACHE 1;


ALTER TABLE auth_user_user_permissions_id_seq OWNER TO josh;

--
-- Name: auth_user_user_permissions_id_seq; Type: SEQUENCE OWNED BY; Schema: public; Owner: josh
--

ALTER SEQUENCE auth_user_user_permissions_id_seq OWNED BY auth_user_user_permissions.id;


--
-- Name: django_admin_log; Type: TABLE; Schema: public; Owner: josh
--

CREATE TABLE django_admin_log (
    id integer NOT NULL,
    action_time timestamp with time zone NOT NULL,
    object_id text,
    object_repr character varying(200) NOT NULL,
    action_flag smallint NOT NULL,
    change_message text NOT NULL,
    content_type_id integer,
    user_id integer NOT NULL,
    CONSTRAINT django_admin_log_action_flag_check CHECK ((action_flag >= 0))
);


ALTER TABLE django_admin_log OWNER TO josh;

--
-- Name: django_admin_log_id_seq; Type: SEQUENCE; Schema: public; Owner: josh
--

CREATE SEQUENCE django_admin_log_id_seq
    START WITH 1
    INCREMENT BY 1
    NO MINVALUE
    NO MAXVALUE
    CACHE 1;


ALTER TABLE django_admin_log_id_seq OWNER TO josh;

--
-- Name: django_admin_log_id_seq; Type: SEQUENCE OWNED BY; Schema: public; Owner: josh
--

ALTER SEQUENCE django_admin_log_id_seq OWNED BY django_admin_log.id;


--
-- Name: django_content_type; Type: TABLE; Schema: public; Owner: josh
--

CREATE TABLE django_content_type (
    id integer NOT NULL,
    app_label character varying(100) NOT NULL,
    model character varying(100) NOT NULL
);


ALTER TABLE django_content_type OWNER TO josh;

--
-- Name: django_content_type_id_seq; Type: SEQUENCE; Schema: public; Owner: josh
--

CREATE SEQUENCE django_content_type_id_seq
    START WITH 1
    INCREMENT BY 1
    NO MINVALUE
    NO MAXVALUE
    CACHE 1;


ALTER TABLE django_content_type_id_seq OWNER TO josh;

--
-- Name: django_content_type_id_seq; Type: SEQUENCE OWNED BY; Schema: public; Owner: josh
--

ALTER SEQUENCE django_content_type_id_seq OWNED BY django_content_type.id;


--
-- Name: django_migrations; Type: TABLE; Schema: public; Owner: josh
--

CREATE TABLE django_migrations (
    id integer NOT NULL,
    app character varying(255) NOT NULL,
    name character varying(255) NOT NULL,
    applied timestamp with time zone NOT NULL
);


ALTER TABLE django_migrations OWNER TO josh;

--
-- Name: django_migrations_id_seq; Type: SEQUENCE; Schema: public; Owner: josh
--

CREATE SEQUENCE django_migrations_id_seq
    START WITH 1
    INCREMENT BY 1
    NO MINVALUE
    NO MAXVALUE
    CACHE 1;


ALTER TABLE django_migrations_id_seq OWNER TO josh;

--
-- Name: django_migrations_id_seq; Type: SEQUENCE OWNED BY; Schema: public; Owner: josh
--

ALTER SEQUENCE django_migrations_id_seq OWNED BY django_migrations.id;


--
-- Name: django_session; Type: TABLE; Schema: public; Owner: josh
--

CREATE TABLE django_session (
    session_key character varying(40) NOT NULL,
    session_data text NOT NULL,
    expire_date timestamp with time zone NOT NULL
);


ALTER TABLE django_session OWNER TO josh;

--
-- Name: guardian_groupobjectpermission; Type: TABLE; Schema: public; Owner: josh
--

CREATE TABLE guardian_groupobjectpermission (
    id integer NOT NULL,
    object_pk character varying(255) NOT NULL,
    content_type_id integer NOT NULL,
    group_id integer NOT NULL,
    permission_id integer NOT NULL
);


ALTER TABLE guardian_groupobjectpermission OWNER TO josh;

--
-- Name: guardian_groupobjectpermission_id_seq; Type: SEQUENCE; Schema: public; Owner: josh
--

CREATE SEQUENCE guardian_groupobjectpermission_id_seq
    START WITH 1
    INCREMENT BY 1
    NO MINVALUE
    NO MAXVALUE
    CACHE 1;


ALTER TABLE guardian_groupobjectpermission_id_seq OWNER TO josh;

--
-- Name: guardian_groupobjectpermission_id_seq; Type: SEQUENCE OWNED BY; Schema: public; Owner: josh
--

ALTER SEQUENCE guardian_groupobjectpermission_id_seq OWNED BY guardian_groupobjectpermission.id;


--
-- Name: guardian_userobjectpermission; Type: TABLE; Schema: public; Owner: josh
--

CREATE TABLE guardian_userobjectpermission (
    id integer NOT NULL,
    object_pk character varying(255) NOT NULL,
    content_type_id integer NOT NULL,
    permission_id integer NOT NULL,
    user_id integer NOT NULL
);


ALTER TABLE guardian_userobjectpermission OWNER TO josh;

--
-- Name: guardian_userobjectpermission_id_seq; Type: SEQUENCE; Schema: public; Owner: josh
--

CREATE SEQUENCE guardian_userobjectpermission_id_seq
    START WITH 1
    INCREMENT BY 1
    NO MINVALUE
    NO MAXVALUE
    CACHE 1;


ALTER TABLE guardian_userobjectpermission_id_seq OWNER TO josh;

--
-- Name: guardian_userobjectpermission_id_seq; Type: SEQUENCE OWNED BY; Schema: public; Owner: josh
--

ALTER SEQUENCE guardian_userobjectpermission_id_seq OWNED BY guardian_userobjectpermission.id;


--
-- Name: workflow_parameter; Type: TABLE; Schema: public; Owner: josh
--

CREATE TABLE workflow_parameter (
    id integer NOT NULL,
    name character varying(32),
    operation_id uuid NOT NULL,
    value_id character varying(32) NOT NULL
);


ALTER TABLE workflow_parameter OWNER TO josh;

--
-- Name: workflow_argument_id_seq; Type: SEQUENCE; Schema: public; Owner: josh
--

CREATE SEQUENCE workflow_argument_id_seq
    START WITH 1
    INCREMENT BY 1
    NO MINVALUE
    NO MAXVALUE
    CACHE 1;


ALTER TABLE workflow_argument_id_seq OWNER TO josh;

--
-- Name: workflow_argument_id_seq; Type: SEQUENCE OWNED BY; Schema: public; Owner: josh
--

ALTER SEQUENCE workflow_argument_id_seq OWNED BY workflow_parameter.id;


--
-- Name: workflow_context; Type: TABLE; Schema: public; Owner: josh
--

CREATE TABLE workflow_context (
    id uuid NOT NULL,
    "values" jsonb NOT NULL,
    inherit_id uuid
);


ALTER TABLE workflow_context OWNER TO josh;

--
-- Name: workflow_context_workflows; Type: TABLE; Schema: public; Owner: josh
--

CREATE TABLE workflow_context_workflows (
    id integer NOT NULL,
    context_id uuid NOT NULL,
    workflow_id uuid NOT NULL
);


ALTER TABLE workflow_context_workflows OWNER TO josh;

--
-- Name: workflow_context_workflows_id_seq; Type: SEQUENCE; Schema: public; Owner: josh
--

CREATE SEQUENCE workflow_context_workflows_id_seq
    START WITH 1
    INCREMENT BY 1
    NO MINVALUE
    NO MAXVALUE
    CACHE 1;


ALTER TABLE workflow_context_workflows_id_seq OWNER TO josh;

--
-- Name: workflow_context_workflows_id_seq; Type: SEQUENCE OWNED BY; Schema: public; Owner: josh
--

ALTER SEQUENCE workflow_context_workflows_id_seq OWNED BY workflow_context_workflows.id;


--
-- Name: workflow_message; Type: TABLE; Schema: public; Owner: josh
--

CREATE TABLE workflow_message (
    id uuid NOT NULL,
    message_type character varying(24) NOT NULL,
    "timestamp" timestamp with time zone NOT NULL,
    content text NOT NULL,
    ctx_id uuid NOT NULL,
    response_id uuid
);


ALTER TABLE workflow_message OWNER TO josh;

--
-- Name: workflow_message_origin; Type: TABLE; Schema: public; Owner: josh
--

CREATE TABLE workflow_message_origin (
    id integer NOT NULL,
    message_id uuid NOT NULL,
    operation_id uuid NOT NULL
);


ALTER TABLE workflow_message_origin OWNER TO josh;

--
-- Name: workflow_message_origin_id_seq; Type: SEQUENCE; Schema: public; Owner: josh
--

CREATE SEQUENCE workflow_message_origin_id_seq
    START WITH 1
    INCREMENT BY 1
    NO MINVALUE
    NO MAXVALUE
    CACHE 1;


ALTER TABLE workflow_message_origin_id_seq OWNER TO josh;

--
-- Name: workflow_message_origin_id_seq; Type: SEQUENCE OWNED BY; Schema: public; Owner: josh
--

ALTER SEQUENCE workflow_message_origin_id_seq OWNED BY workflow_message_origin.id;


--
-- Name: workflow_operation; Type: TABLE; Schema: public; Owner: josh
--

CREATE TABLE workflow_operation (
    id uuid NOT NULL,
    name character varying(64) NOT NULL,
    description text NOT NULL,
    operation character varying(32) NOT NULL,
    view text,
    group_id integer NOT NULL,
    return_value_id character varying(32)
);


ALTER TABLE workflow_operation OWNER TO josh;

--
-- Name: workflow_resource; Type: TABLE; Schema: public; Owner: josh
--

CREATE TABLE workflow_resource (
    id integer NOT NULL,
    name character varying(24) NOT NULL,
    description text NOT NULL
);


ALTER TABLE workflow_resource OWNER TO josh;

--
-- Name: workflow_resource_id_seq; Type: SEQUENCE; Schema: public; Owner: josh
--

CREATE SEQUENCE workflow_resource_id_seq
    START WITH 1
    INCREMENT BY 1
    NO MINVALUE
    NO MAXVALUE
    CACHE 1;


ALTER TABLE workflow_resource_id_seq OWNER TO josh;

--
-- Name: workflow_resource_id_seq; Type: SEQUENCE OWNED BY; Schema: public; Owner: josh
--

ALTER SEQUENCE workflow_resource_id_seq OWNED BY workflow_resource.id;


--
-- Name: workflow_resource_service; Type: TABLE; Schema: public; Owner: josh
--

CREATE TABLE workflow_resource_service (
    id integer NOT NULL,
    resource_id integer NOT NULL,
    service_id integer NOT NULL
);


ALTER TABLE workflow_resource_service OWNER TO josh;

--
-- Name: workflow_resource_service_id_seq; Type: SEQUENCE; Schema: public; Owner: josh
--

CREATE SEQUENCE workflow_resource_service_id_seq
    START WITH 1
    INCREMENT BY 1
    NO MINVALUE
    NO MAXVALUE
    CACHE 1;


ALTER TABLE workflow_resource_service_id_seq OWNER TO josh;

--
-- Name: workflow_resource_service_id_seq; Type: SEQUENCE OWNED BY; Schema: public; Owner: josh
--

ALTER SEQUENCE workflow_resource_service_id_seq OWNED BY workflow_resource_service.id;


--
-- Name: workflow_role; Type: TABLE; Schema: public; Owner: josh
--

CREATE TABLE workflow_role (
    id integer NOT NULL,
    name character varying(24) NOT NULL,
    responsibilities text NOT NULL,
    operation_id uuid NOT NULL
);


ALTER TABLE workflow_role OWNER TO josh;

--
-- Name: workflow_role_id_seq; Type: SEQUENCE; Schema: public; Owner: josh
--

CREATE SEQUENCE workflow_role_id_seq
    START WITH 1
    INCREMENT BY 1
    NO MINVALUE
    NO MAXVALUE
    CACHE 1;


ALTER TABLE workflow_role_id_seq OWNER TO josh;

--
-- Name: workflow_role_id_seq; Type: SEQUENCE OWNED BY; Schema: public; Owner: josh
--

ALTER SEQUENCE workflow_role_id_seq OWNED BY workflow_role.id;


--
-- Name: workflow_service; Type: TABLE; Schema: public; Owner: josh
--

CREATE TABLE workflow_service (
    id integer NOT NULL,
    name character varying(24) NOT NULL,
    description text NOT NULL,
    base_url text NOT NULL
);


ALTER TABLE workflow_service OWNER TO josh;

--
-- Name: workflow_service_id_seq; Type: SEQUENCE; Schema: public; Owner: josh
--

CREATE SEQUENCE workflow_service_id_seq
    START WITH 1
    INCREMENT BY 1
    NO MINVALUE
    NO MAXVALUE
    CACHE 1;


ALTER TABLE workflow_service_id_seq OWNER TO josh;

--
-- Name: workflow_service_id_seq; Type: SEQUENCE OWNED BY; Schema: public; Owner: josh
--

ALTER SEQUENCE workflow_service_id_seq OWNED BY workflow_service.id;


--
-- Name: workflow_value; Type: TABLE; Schema: public; Owner: josh
--

CREATE TABLE workflow_value (
    key character varying(32) NOT NULL,
    name character varying(24) NOT NULL,
    description text NOT NULL,
    type text NOT NULL
);


ALTER TABLE workflow_value OWNER TO josh;

--
-- Name: workflow_workflow; Type: TABLE; Schema: public; Owner: josh
--

CREATE TABLE workflow_workflow (
    id uuid NOT NULL,
    name character varying(64) NOT NULL,
    description text NOT NULL,
    group_id integer NOT NULL,
    resolver_id uuid NOT NULL
);


ALTER TABLE workflow_workflow OWNER TO josh;

--
-- Name: auth_group id; Type: DEFAULT; Schema: public; Owner: josh
--

ALTER TABLE ONLY auth_group ALTER COLUMN id SET DEFAULT nextval('auth_group_id_seq'::regclass);


--
-- Name: auth_group_permissions id; Type: DEFAULT; Schema: public; Owner: josh
--

ALTER TABLE ONLY auth_group_permissions ALTER COLUMN id SET DEFAULT nextval('auth_group_permissions_id_seq'::regclass);


--
-- Name: auth_permission id; Type: DEFAULT; Schema: public; Owner: josh
--

ALTER TABLE ONLY auth_permission ALTER COLUMN id SET DEFAULT nextval('auth_permission_id_seq'::regclass);


--
-- Name: auth_user id; Type: DEFAULT; Schema: public; Owner: josh
--

ALTER TABLE ONLY auth_user ALTER COLUMN id SET DEFAULT nextval('auth_user_id_seq'::regclass);


--
-- Name: auth_user_groups id; Type: DEFAULT; Schema: public; Owner: josh
--

ALTER TABLE ONLY auth_user_groups ALTER COLUMN id SET DEFAULT nextval('auth_user_groups_id_seq'::regclass);


--
-- Name: auth_user_user_permissions id; Type: DEFAULT; Schema: public; Owner: josh
--

ALTER TABLE ONLY auth_user_user_permissions ALTER COLUMN id SET DEFAULT nextval('auth_user_user_permissions_id_seq'::regclass);


--
-- Name: django_admin_log id; Type: DEFAULT; Schema: public; Owner: josh
--

ALTER TABLE ONLY django_admin_log ALTER COLUMN id SET DEFAULT nextval('django_admin_log_id_seq'::regclass);


--
-- Name: django_content_type id; Type: DEFAULT; Schema: public; Owner: josh
--

ALTER TABLE ONLY django_content_type ALTER COLUMN id SET DEFAULT nextval('django_content_type_id_seq'::regclass);


--
-- Name: django_migrations id; Type: DEFAULT; Schema: public; Owner: josh
--

ALTER TABLE ONLY django_migrations ALTER COLUMN id SET DEFAULT nextval('django_migrations_id_seq'::regclass);


--
-- Name: guardian_groupobjectpermission id; Type: DEFAULT; Schema: public; Owner: josh
--

ALTER TABLE ONLY guardian_groupobjectpermission ALTER COLUMN id SET DEFAULT nextval('guardian_groupobjectpermission_id_seq'::regclass);


--
-- Name: guardian_userobjectpermission id; Type: DEFAULT; Schema: public; Owner: josh
--

ALTER TABLE ONLY guardian_userobjectpermission ALTER COLUMN id SET DEFAULT nextval('guardian_userobjectpermission_id_seq'::regclass);


--
-- Name: workflow_context_workflows id; Type: DEFAULT; Schema: public; Owner: josh
--

ALTER TABLE ONLY workflow_context_workflows ALTER COLUMN id SET DEFAULT nextval('workflow_context_workflows_id_seq'::regclass);


--
-- Name: workflow_message_origin id; Type: DEFAULT; Schema: public; Owner: josh
--

ALTER TABLE ONLY workflow_message_origin ALTER COLUMN id SET DEFAULT nextval('workflow_message_origin_id_seq'::regclass);


--
-- Name: workflow_parameter id; Type: DEFAULT; Schema: public; Owner: josh
--

ALTER TABLE ONLY workflow_parameter ALTER COLUMN id SET DEFAULT nextval('workflow_argument_id_seq'::regclass);


--
-- Name: workflow_resource id; Type: DEFAULT; Schema: public; Owner: josh
--

ALTER TABLE ONLY workflow_resource ALTER COLUMN id SET DEFAULT nextval('workflow_resource_id_seq'::regclass);


--
-- Name: workflow_resource_service id; Type: DEFAULT; Schema: public; Owner: josh
--

ALTER TABLE ONLY workflow_resource_service ALTER COLUMN id SET DEFAULT nextval('workflow_resource_service_id_seq'::regclass);


--
-- Name: workflow_role id; Type: DEFAULT; Schema: public; Owner: josh
--

ALTER TABLE ONLY workflow_role ALTER COLUMN id SET DEFAULT nextval('workflow_role_id_seq'::regclass);


--
-- Name: workflow_service id; Type: DEFAULT; Schema: public; Owner: josh
--

ALTER TABLE ONLY workflow_service ALTER COLUMN id SET DEFAULT nextval('workflow_service_id_seq'::regclass);


--
-- Data for Name: auth_group; Type: TABLE DATA; Schema: public; Owner: josh
--

COPY auth_group (id, name) FROM stdin;
1	system
2	public
\.


--
-- Name: auth_group_id_seq; Type: SEQUENCE SET; Schema: public; Owner: josh
--

SELECT pg_catalog.setval('auth_group_id_seq', 2, true);


--
-- Data for Name: auth_group_permissions; Type: TABLE DATA; Schema: public; Owner: josh
--

COPY auth_group_permissions (id, group_id, permission_id) FROM stdin;
\.


--
-- Name: auth_group_permissions_id_seq; Type: SEQUENCE SET; Schema: public; Owner: josh
--

SELECT pg_catalog.setval('auth_group_permissions_id_seq', 1, false);


--
-- Data for Name: auth_permission; Type: TABLE DATA; Schema: public; Owner: josh
--

COPY auth_permission (id, name, content_type_id, codename) FROM stdin;
1	Can add log entry	1	add_logentry
2	Can change log entry	1	change_logentry
3	Can delete log entry	1	delete_logentry
4	Can add user	2	add_user
5	Can change user	2	change_user
6	Can delete user	2	delete_user
7	Can add group	3	add_group
8	Can change group	3	change_group
9	Can delete group	3	delete_group
10	Can add permission	4	add_permission
11	Can change permission	4	change_permission
12	Can delete permission	4	delete_permission
13	Can add content type	5	add_contenttype
14	Can change content type	5	change_contenttype
15	Can delete content type	5	delete_contenttype
16	Can add session	6	add_session
17	Can change session	6	change_session
18	Can delete session	6	delete_session
19	Can add resource	7	add_resource
20	Can change resource	7	change_resource
21	Can delete resource	7	delete_resource
22	Can add service	8	add_service
23	Can change service	8	change_service
24	Can delete service	8	delete_service
25	Can add workflow	9	add_workflow
26	Can change workflow	9	change_workflow
27	Can delete workflow	9	delete_workflow
28	Can add context	10	add_context
29	Can change context	10	change_context
30	Can delete context	10	delete_context
31	Can add role	11	add_role
32	Can change role	11	change_role
33	Can delete role	11	delete_role
34	Can add value	12	add_value
35	Can change value	12	change_value
36	Can delete value	12	delete_value
37	Can add message	13	add_message
38	Can change message	13	change_message
39	Can delete message	13	delete_message
40	Can add argument	14	add_argument
41	Can change argument	14	change_argument
42	Can delete argument	14	delete_argument
43	Can add operation	15	add_operation
44	Can change operation	15	change_operation
45	Can delete operation	15	delete_operation
46	Can add user object permission	16	add_userobjectpermission
47	Can change user object permission	16	change_userobjectpermission
48	Can delete user object permission	16	delete_userobjectpermission
49	Can add group object permission	17	add_groupobjectpermission
50	Can change group object permission	17	change_groupobjectpermission
51	Can delete group object permission	17	delete_groupobjectpermission
52	Can add parameter	14	add_parameter
53	Can change parameter	14	change_parameter
54	Can delete parameter	14	delete_parameter
\.


--
-- Name: auth_permission_id_seq; Type: SEQUENCE SET; Schema: public; Owner: josh
--

SELECT pg_catalog.setval('auth_permission_id_seq', 54, true);


--
-- Data for Name: auth_user; Type: TABLE DATA; Schema: public; Owner: josh
--

COPY auth_user (id, password, last_login, is_superuser, username, first_name, last_name, email, is_staff, is_active, date_joined) FROM stdin;
1	!i34qPKlvcnZzVNsW5b3djd9Pp5mWMnqq1oChwC86	\N	f	AnonymousUser				f	t	2017-02-09 17:59:24.676999-05
3	pbkdf2_sha256$30000$BMe4VH8ZtNwv$j/krLohsDbLEYX1WZvR1jMmQOoYpAEeAvELyqJ1QOpw=	\N	f	bill				f	t	2017-02-09 18:02:32.611042-05
4	pbkdf2_sha256$30000$XAnTo1lU3hXc$a16GBk+cjoAjqznU6qBpgGDbUixHgfZIAwX709DUGdI=	\N	f	bob				f	t	2017-02-09 18:02:56.860506-05
5	pbkdf2_sha256$30000$YJp87XSpl4TX$ulAwSNyJPuUpG9gdF7OH+HJccatRmdXamUbryd5nUdk=	\N	f	joe				f	t	2017-02-09 18:03:22.384478-05
2	pbkdf2_sha256$30000$1qxYYyDv3IZu$AXPihWlJeGYY8KKB4JmF1+83jKBSW4hxFjOOgNX5YjM=	2017-02-27 13:43:07.827898-05	t	admin			joshua.thomas.bird@gmail.com	t	t	2017-02-09 18:00:30.328221-05
\.


--
-- Data for Name: auth_user_groups; Type: TABLE DATA; Schema: public; Owner: josh
--

COPY auth_user_groups (id, user_id, group_id) FROM stdin;
\.


--
-- Name: auth_user_groups_id_seq; Type: SEQUENCE SET; Schema: public; Owner: josh
--

SELECT pg_catalog.setval('auth_user_groups_id_seq', 1, false);


--
-- Name: auth_user_id_seq; Type: SEQUENCE SET; Schema: public; Owner: josh
--

SELECT pg_catalog.setval('auth_user_id_seq', 5, true);


--
-- Data for Name: auth_user_user_permissions; Type: TABLE DATA; Schema: public; Owner: josh
--

COPY auth_user_user_permissions (id, user_id, permission_id) FROM stdin;
\.


--
-- Name: auth_user_user_permissions_id_seq; Type: SEQUENCE SET; Schema: public; Owner: josh
--

SELECT pg_catalog.setval('auth_user_user_permissions_id_seq', 1, false);


--
-- Data for Name: django_admin_log; Type: TABLE DATA; Schema: public; Owner: josh
--

COPY django_admin_log (id, action_time, object_id, object_repr, action_flag, change_message, content_type_id, user_id) FROM stdin;
1	2017-02-09 18:00:55.906227-05	1	system	1	[{"added": {}}]	3	2
2	2017-02-09 18:01:01.416519-05	2	public	1	[{"added": {}}]	3	2
3	2017-02-09 18:02:32.650887-05	3	bill	1	[{"added": {}}]	2	2
4	2017-02-09 18:02:56.898951-05	4	bob	1	[{"added": {}}]	2	2
5	2017-02-09 18:03:22.421614-05	5	joe	1	[{"added": {}}]	2	2
6	2017-02-09 18:16:15.743951-05	61c02575-ef04-4eff-bf98-cc93098eab9e	Example Workflow	2	[{"changed": {"fields": ["resolver"]}}]	9	2
7	2017-02-10 09:25:49.025653-05	5	Argument object	2	[{"changed": {"fields": ["name"]}}]	14	2
8	2017-02-10 09:58:29.082079-05	rsvp	RSVP	1	[{"added": {}}]	12	2
9	2017-02-10 10:00:08.60484-05	19	Argument object	1	[{"added": {}}]	14	2
10	2017-02-10 14:50:31.843912-05	10	Argument object	2	[{"changed": {"fields": ["name"]}}]	14	2
11	2017-02-10 14:51:51.127839-05	11	Argument object	2	[{"changed": {"fields": ["name"]}}]	14	2
12	2017-02-10 14:52:37.827043-05	12	Argument object	2	[{"changed": {"fields": ["name"]}}]	14	2
13	2017-02-13 22:37:18.538433-05	invited_editors	Invited Editors	2	[{"changed": {"fields": ["type"]}}]	12	2
14	2017-02-13 23:21:38.63489-05	20	Argument object	1	[{"added": {}}]	14	2
15	2017-02-13 23:22:30.597326-05	21	Argument object	1	[{"added": {}}]	14	2
16	2017-02-13 23:24:18.978034-05	active_editors	Active Editors	2	[{"changed": {"fields": ["type"]}}]	12	2
17	2017-02-15 12:56:05.693257-05	finished_editors	Finished Editors	1	[{"added": {}}]	12	2
18	2017-02-15 12:56:40.555782-05	22	<Argument: Operation: Conclude Editing; finished_editors => finished_editors>	1	[{"added": {}}]	14	2
19	2017-02-15 13:50:51.093664-05	editors_to_invite	Editors to Invite	2	[{"changed": {"fields": ["name"]}}]	12	2
20	2017-02-15 13:51:10.136027-05	invitee	Invitee	2	[{"changed": {"fields": ["name"]}}]	12	2
21	2017-02-15 13:51:52.468255-05	finished_editor	Finished Editor	2	[{"changed": {"fields": ["name"]}}]	12	2
22	2017-02-15 14:38:26.265151-05	23	<Argument: Operation: Invite Reviewers; invited_reviewers => invited>	1	[{"added": {}}]	14	2
23	2017-02-15 14:55:05.82049-05	invited_reviewers	Invited Reviewers	2	[{"changed": {"fields": ["type"]}}]	12	2
24	2017-02-15 14:57:38.727391-05	finished_reviewer	Finished Reviewer	2	[{"changed": {"fields": ["type"]}}]	12	2
25	2017-02-15 14:57:57.540946-05	invited_reviewers	Invited Reviewers	2	[]	12	2
26	2017-02-15 15:06:34.73568-05	ready_to_review	Ready To Review	2	[]	12	2
27	2017-02-15 15:10:49.53114-05	finished_reviewers	Finished Reviewers	1	[{"added": {}}]	12	2
28	2017-02-15 15:11:34.51913-05	15592618-d63b-4577-9008-056993f71761	Conclude Editing	2	[{"changed": {"fields": ["return_value"]}}]	15	2
29	2017-02-15 15:12:05.082107-05	b9f8a71c-2fc9-4afe-b101-9641204b61d0	Editing Finished	1	[{"added": {}}]	15	2
30	2017-02-15 15:42:51.674904-05	fa30b008-4d1b-48ca-9e4f-a25d63c4bf3e	urn:uuid:fa30b008-4d1b-48ca-9e4f-a25d63c4bf3e	3		10	2
31	2017-02-15 15:42:51.678681-05	fa28a9f4-4622-4380-bc52-4e7e082f06d9	urn:uuid:fa28a9f4-4622-4380-bc52-4e7e082f06d9	3		10	2
32	2017-02-15 15:42:51.680259-05	f6c9f150-b813-48d3-a0dd-f0dcc8b98421	urn:uuid:f6c9f150-b813-48d3-a0dd-f0dcc8b98421	3		10	2
33	2017-02-15 15:42:51.681716-05	f288b301-eef4-4596-9f68-03ef8d56102b	urn:uuid:f288b301-eef4-4596-9f68-03ef8d56102b	3		10	2
34	2017-02-15 15:42:51.68328-05	eee24905-87ec-4dab-b0dd-1edcd2d96645	urn:uuid:eee24905-87ec-4dab-b0dd-1edcd2d96645	3		10	2
35	2017-02-15 15:42:51.684824-05	ede194ae-b8bb-4e06-9cf2-5451a3773c9c	urn:uuid:ede194ae-b8bb-4e06-9cf2-5451a3773c9c	3		10	2
36	2017-02-15 15:42:51.686349-05	ed5df185-9a73-4b69-bdb8-ec6ed73df12f	urn:uuid:ed5df185-9a73-4b69-bdb8-ec6ed73df12f	3		10	2
37	2017-02-15 15:42:51.68775-05	e9f3f5ea-2161-47b3-9673-6fa7658bec80	urn:uuid:e9f3f5ea-2161-47b3-9673-6fa7658bec80	3		10	2
38	2017-02-15 15:42:51.689112-05	e8f34885-e0fc-405f-841a-fdba5a47790b	urn:uuid:e8f34885-e0fc-405f-841a-fdba5a47790b	3		10	2
39	2017-02-15 15:42:51.690435-05	e4983973-c4ce-459d-9fb3-47ee5f40a5d5	urn:uuid:e4983973-c4ce-459d-9fb3-47ee5f40a5d5	3		10	2
40	2017-02-15 15:42:51.691789-05	e2ea8c54-3e8a-421a-9a3d-97ba19acdb4d	urn:uuid:e2ea8c54-3e8a-421a-9a3d-97ba19acdb4d	3		10	2
41	2017-02-15 15:42:51.693094-05	e18640a6-872d-4b7d-9700-57e347f6fc71	urn:uuid:e18640a6-872d-4b7d-9700-57e347f6fc71	3		10	2
42	2017-02-15 15:42:51.694466-05	df7bb1af-da74-4324-91bc-567b146d5db1	urn:uuid:df7bb1af-da74-4324-91bc-567b146d5db1	3		10	2
43	2017-02-15 15:42:51.695849-05	dec455fd-f3ae-44f7-b9a4-ecabaecf9e05	urn:uuid:dec455fd-f3ae-44f7-b9a4-ecabaecf9e05	3		10	2
44	2017-02-15 15:42:51.697267-05	dbf15a40-b087-4111-8eef-59bf477e2339	urn:uuid:dbf15a40-b087-4111-8eef-59bf477e2339	3		10	2
45	2017-02-15 15:42:51.698599-05	d8f94de3-d4cf-42a4-961f-ba7c3d4adcd8	urn:uuid:d8f94de3-d4cf-42a4-961f-ba7c3d4adcd8	3		10	2
46	2017-02-15 15:42:51.699895-05	d828e237-c356-429e-aa2e-82d90b3e341d	urn:uuid:d828e237-c356-429e-aa2e-82d90b3e341d	3		10	2
47	2017-02-15 15:42:51.701258-05	d73a3294-e6ef-4a6b-9ff9-ec369481cc7a	urn:uuid:d73a3294-e6ef-4a6b-9ff9-ec369481cc7a	3		10	2
48	2017-02-15 15:42:51.702603-05	d3dfbfa0-159b-4398-98eb-4270277ee237	urn:uuid:d3dfbfa0-159b-4398-98eb-4270277ee237	3		10	2
49	2017-02-15 15:42:51.703969-05	d13a1eed-47c4-4d3a-b020-41e57f4a04f1	urn:uuid:d13a1eed-47c4-4d3a-b020-41e57f4a04f1	3		10	2
50	2017-02-15 15:42:51.705405-05	d0e238e4-001d-4cec-aeb9-8c98ce9166dc	urn:uuid:d0e238e4-001d-4cec-aeb9-8c98ce9166dc	3		10	2
51	2017-02-15 15:42:51.706782-05	d0d7d2a8-331c-487a-829a-c764545e07c6	urn:uuid:d0d7d2a8-331c-487a-829a-c764545e07c6	3		10	2
52	2017-02-15 15:42:51.708146-05	d09e57e8-9b7c-42f9-8785-4c6c214b27a3	urn:uuid:d09e57e8-9b7c-42f9-8785-4c6c214b27a3	3		10	2
53	2017-02-15 15:42:51.709559-05	d02c7858-c022-4398-b30d-3759d39f86e3	urn:uuid:d02c7858-c022-4398-b30d-3759d39f86e3	3		10	2
54	2017-02-15 15:42:51.710875-05	ce4593b3-2f30-4c15-97bb-50cdf9bd71e6	urn:uuid:ce4593b3-2f30-4c15-97bb-50cdf9bd71e6	3		10	2
55	2017-02-15 15:42:51.712256-05	cd7507d6-dcef-4e60-b300-5dd2b3569b6a	urn:uuid:cd7507d6-dcef-4e60-b300-5dd2b3569b6a	3		10	2
56	2017-02-15 15:42:51.713633-05	cb8769b2-cb0f-491c-aacd-d28fec6c908b	urn:uuid:cb8769b2-cb0f-491c-aacd-d28fec6c908b	3		10	2
57	2017-02-15 15:42:51.714944-05	c812f460-4c4d-47e5-a169-48d05c56979e	urn:uuid:c812f460-4c4d-47e5-a169-48d05c56979e	3		10	2
58	2017-02-15 15:42:51.71624-05	c119ec57-8ddc-47cb-9e0b-d0530c5cd123	urn:uuid:c119ec57-8ddc-47cb-9e0b-d0530c5cd123	3		10	2
59	2017-02-15 15:42:51.717581-05	c0468e58-e21f-4438-95c6-64c34fce84c9	urn:uuid:c0468e58-e21f-4438-95c6-64c34fce84c9	3		10	2
60	2017-02-15 15:42:51.718865-05	be8d0a52-4f9b-4c6c-82d4-46fc6e739ff1	urn:uuid:be8d0a52-4f9b-4c6c-82d4-46fc6e739ff1	3		10	2
61	2017-02-15 15:42:51.72019-05	be5f1825-0b67-4dc8-aade-7c2ff739f4bd	urn:uuid:be5f1825-0b67-4dc8-aade-7c2ff739f4bd	3		10	2
62	2017-02-15 15:42:51.72149-05	bd1e5653-516e-4b18-b6b0-46547b74f0d3	urn:uuid:bd1e5653-516e-4b18-b6b0-46547b74f0d3	3		10	2
63	2017-02-15 15:42:51.722838-05	ba08b2f9-24fd-4205-b823-18599bca9093	urn:uuid:ba08b2f9-24fd-4205-b823-18599bca9093	3		10	2
64	2017-02-15 15:42:51.724211-05	b86af965-7f87-43e7-8ce5-ba53585ae78d	urn:uuid:b86af965-7f87-43e7-8ce5-ba53585ae78d	3		10	2
65	2017-02-15 15:42:51.725648-05	b8674f13-bcb8-4e52-9817-3d5d47cb8e29	urn:uuid:b8674f13-bcb8-4e52-9817-3d5d47cb8e29	3		10	2
66	2017-02-15 15:42:51.727504-05	b82ad00a-101e-4443-87cc-f78c5fe112c7	urn:uuid:b82ad00a-101e-4443-87cc-f78c5fe112c7	3		10	2
67	2017-02-15 15:42:51.728911-05	b2a347b9-b853-4de5-92b6-08a44ecbb529	urn:uuid:b2a347b9-b853-4de5-92b6-08a44ecbb529	3		10	2
68	2017-02-15 15:42:51.730217-05	b23ec3b0-19d4-4cfc-9c80-d373e92fc58a	urn:uuid:b23ec3b0-19d4-4cfc-9c80-d373e92fc58a	3		10	2
69	2017-02-15 15:42:51.731681-05	a8828a8c-efeb-4f1a-8d9c-3a04adcca5b8	urn:uuid:a8828a8c-efeb-4f1a-8d9c-3a04adcca5b8	3		10	2
70	2017-02-15 15:42:51.73318-05	a6a533c3-af69-487c-8ed1-f36a493d5d82	urn:uuid:a6a533c3-af69-487c-8ed1-f36a493d5d82	3		10	2
71	2017-02-15 15:42:51.734504-05	a561a2d3-48c7-44ba-acf1-278b47beb1cf	urn:uuid:a561a2d3-48c7-44ba-acf1-278b47beb1cf	3		10	2
72	2017-02-15 15:42:51.735868-05	a44f778c-fe39-42c5-9066-f6a814ca5299	urn:uuid:a44f778c-fe39-42c5-9066-f6a814ca5299	3		10	2
73	2017-02-15 15:42:51.737275-05	9fc4b1eb-4021-4eae-b6a9-44102ac0db63	urn:uuid:9fc4b1eb-4021-4eae-b6a9-44102ac0db63	3		10	2
74	2017-02-15 15:42:51.738605-05	9bb0ea2a-e582-45b7-a46c-4d5641898777	urn:uuid:9bb0ea2a-e582-45b7-a46c-4d5641898777	3		10	2
75	2017-02-15 15:42:51.740002-05	9ab9be72-6146-4347-8566-88e40afd4543	urn:uuid:9ab9be72-6146-4347-8566-88e40afd4543	3		10	2
76	2017-02-15 15:42:51.741307-05	95f15a08-2dcd-4d9e-bb82-5102fb14a88a	urn:uuid:95f15a08-2dcd-4d9e-bb82-5102fb14a88a	3		10	2
77	2017-02-15 15:42:51.742654-05	910cc84c-9605-4846-9dc6-b458b4092409	urn:uuid:910cc84c-9605-4846-9dc6-b458b4092409	3		10	2
78	2017-02-15 15:42:51.744035-05	8e6ed46a-2b76-4b7f-b084-a056aef62485	urn:uuid:8e6ed46a-2b76-4b7f-b084-a056aef62485	3		10	2
79	2017-02-15 15:42:51.745475-05	8954d9b5-463d-4748-81ee-53725421702f	urn:uuid:8954d9b5-463d-4748-81ee-53725421702f	3		10	2
80	2017-02-15 15:42:51.746897-05	879eb877-c448-4534-a765-d8d10f54a7cc	urn:uuid:879eb877-c448-4534-a765-d8d10f54a7cc	3		10	2
81	2017-02-15 15:42:51.748352-05	86b4d1cd-e746-454c-bae8-508981e395e2	urn:uuid:86b4d1cd-e746-454c-bae8-508981e395e2	3		10	2
82	2017-02-15 15:42:51.749706-05	846c52b1-8f31-425e-ba9f-089fdfc19196	urn:uuid:846c52b1-8f31-425e-ba9f-089fdfc19196	3		10	2
83	2017-02-15 15:42:51.751031-05	846a5b02-5bb0-47f5-ba8d-b6dac52e7c17	urn:uuid:846a5b02-5bb0-47f5-ba8d-b6dac52e7c17	3		10	2
84	2017-02-15 15:42:51.752302-05	802c728e-92e5-4f5c-afcd-1a504d8bdacd	urn:uuid:802c728e-92e5-4f5c-afcd-1a504d8bdacd	3		10	2
85	2017-02-15 15:42:51.753545-05	78886726-928f-4b80-bf26-8dec3c30290b	urn:uuid:78886726-928f-4b80-bf26-8dec3c30290b	3		10	2
86	2017-02-15 15:42:51.754793-05	77d6a155-b4f3-4101-a4ef-6a778ecc4423	urn:uuid:77d6a155-b4f3-4101-a4ef-6a778ecc4423	3		10	2
87	2017-02-15 15:42:51.756075-05	756223ef-ecc9-4f7e-9ad4-80d96e530c86	urn:uuid:756223ef-ecc9-4f7e-9ad4-80d96e530c86	3		10	2
88	2017-02-15 15:42:51.757425-05	74b84aa6-18bd-4347-98b5-0d68d32183c1	urn:uuid:74b84aa6-18bd-4347-98b5-0d68d32183c1	3		10	2
89	2017-02-15 15:42:51.758745-05	73e1d78c-2761-4a57-b012-d00115f749d2	urn:uuid:73e1d78c-2761-4a57-b012-d00115f749d2	3		10	2
90	2017-02-15 15:42:51.760038-05	738c01b2-02c6-41d8-9a86-c99616b91588	urn:uuid:738c01b2-02c6-41d8-9a86-c99616b91588	3		10	2
91	2017-02-15 15:42:51.761303-05	71c30f01-169a-4bd0-846b-9ea6a635ec1b	urn:uuid:71c30f01-169a-4bd0-846b-9ea6a635ec1b	3		10	2
92	2017-02-15 15:42:51.762669-05	6fb3f7c6-16cb-42a7-967e-2d29759689bd	urn:uuid:6fb3f7c6-16cb-42a7-967e-2d29759689bd	3		10	2
93	2017-02-15 15:42:51.764015-05	6d3d5edb-e3d6-4d71-90b9-c4be4bd38435	urn:uuid:6d3d5edb-e3d6-4d71-90b9-c4be4bd38435	3		10	2
94	2017-02-15 15:42:51.765439-05	6cf517a6-e3fe-48e2-b809-9eb1ff94f85a	urn:uuid:6cf517a6-e3fe-48e2-b809-9eb1ff94f85a	3		10	2
95	2017-02-15 15:42:51.766769-05	6aafa6a7-6025-4bab-8480-aac202c4352c	urn:uuid:6aafa6a7-6025-4bab-8480-aac202c4352c	3		10	2
96	2017-02-15 15:42:51.76811-05	682a88b2-c25a-4e3d-9645-db354f9ced86	urn:uuid:682a88b2-c25a-4e3d-9645-db354f9ced86	3		10	2
97	2017-02-15 15:42:51.769346-05	66db9431-c2ea-47ef-88d4-02b9cbf61619	urn:uuid:66db9431-c2ea-47ef-88d4-02b9cbf61619	3		10	2
98	2017-02-15 15:42:51.770661-05	61f15514-438c-4188-b56b-97569d045945	urn:uuid:61f15514-438c-4188-b56b-97569d045945	3		10	2
99	2017-02-15 15:42:51.77196-05	6073fb0e-55bb-4e27-b644-94f014b6c32b	urn:uuid:6073fb0e-55bb-4e27-b644-94f014b6c32b	3		10	2
100	2017-02-15 15:42:51.773248-05	5b5d85ac-099a-46b1-a5c2-5622cd90429b	urn:uuid:5b5d85ac-099a-46b1-a5c2-5622cd90429b	3		10	2
101	2017-02-15 15:42:51.774538-05	5981f5cc-a4e9-4da1-9013-23760e09ef9f	urn:uuid:5981f5cc-a4e9-4da1-9013-23760e09ef9f	3		10	2
102	2017-02-15 15:42:51.775831-05	5679c8fb-48d4-4acc-998f-63de0a2e4c22	urn:uuid:5679c8fb-48d4-4acc-998f-63de0a2e4c22	3		10	2
103	2017-02-15 15:42:51.777103-05	56281d4b-2be3-4e9e-9b98-c8f2cd6340a8	urn:uuid:56281d4b-2be3-4e9e-9b98-c8f2cd6340a8	3		10	2
104	2017-02-15 15:42:51.778415-05	52f0103c-09dc-4021-9a46-38e6626d3950	urn:uuid:52f0103c-09dc-4021-9a46-38e6626d3950	3		10	2
105	2017-02-15 15:42:51.779751-05	4d081b01-992f-4e4d-9bbd-041f07b34d8a	urn:uuid:4d081b01-992f-4e4d-9bbd-041f07b34d8a	3		10	2
106	2017-02-15 15:42:51.781099-05	4c6acbd2-0087-406e-811b-7bc80ccff330	urn:uuid:4c6acbd2-0087-406e-811b-7bc80ccff330	3		10	2
107	2017-02-15 15:42:51.782523-05	4a5192b2-4209-4045-9061-7c5796997eb3	urn:uuid:4a5192b2-4209-4045-9061-7c5796997eb3	3		10	2
108	2017-02-15 15:42:51.783861-05	474cfad7-ab37-4861-b637-7cfa6f984474	urn:uuid:474cfad7-ab37-4861-b637-7cfa6f984474	3		10	2
109	2017-02-15 15:42:51.785163-05	41a6a2f1-82ba-4818-84b7-ce55db1d28a2	urn:uuid:41a6a2f1-82ba-4818-84b7-ce55db1d28a2	3		10	2
110	2017-02-15 15:42:51.786473-05	3e65bacd-6e79-4b2f-9df6-75fae301c39d	urn:uuid:3e65bacd-6e79-4b2f-9df6-75fae301c39d	3		10	2
111	2017-02-15 15:42:51.7878-05	3b8dfa88-1445-4291-af54-685c1f7fba94	urn:uuid:3b8dfa88-1445-4291-af54-685c1f7fba94	3		10	2
112	2017-02-15 15:42:51.789116-05	3b6726ea-af06-4e9a-b629-7f2a9029c007	urn:uuid:3b6726ea-af06-4e9a-b629-7f2a9029c007	3		10	2
113	2017-02-15 15:42:51.790431-05	39c9c616-c09c-4583-bcbf-94f1663cadb7	urn:uuid:39c9c616-c09c-4583-bcbf-94f1663cadb7	3		10	2
114	2017-02-15 15:42:51.791778-05	3859ce56-0bbc-4fc1-8476-6b8eb5f8e7fd	urn:uuid:3859ce56-0bbc-4fc1-8476-6b8eb5f8e7fd	3		10	2
115	2017-02-15 15:42:51.793131-05	33b4ad47-c663-4d3c-8be7-9e60028837b6	urn:uuid:33b4ad47-c663-4d3c-8be7-9e60028837b6	3		10	2
116	2017-02-15 15:42:51.794554-05	2feeeb42-5699-4c3e-9a93-07f88723604b	urn:uuid:2feeeb42-5699-4c3e-9a93-07f88723604b	3		10	2
117	2017-02-15 15:42:51.795865-05	2ca709ea-d93a-41f1-a3dc-d7bd7af47ff6	urn:uuid:2ca709ea-d93a-41f1-a3dc-d7bd7af47ff6	3		10	2
118	2017-02-15 15:42:51.797133-05	2bcbbd15-58c1-407f-885e-1952fa842ab6	urn:uuid:2bcbbd15-58c1-407f-885e-1952fa842ab6	3		10	2
119	2017-02-15 15:42:51.798455-05	2a41a098-9466-4e53-bf39-ab26c7234c4a	urn:uuid:2a41a098-9466-4e53-bf39-ab26c7234c4a	3		10	2
120	2017-02-15 15:42:51.799809-05	29d0d275-ed48-45b9-8583-89563fd31c20	urn:uuid:29d0d275-ed48-45b9-8583-89563fd31c20	3		10	2
121	2017-02-15 15:42:51.801262-05	2969e6f7-5d71-4c1a-a062-957691b681c3	urn:uuid:2969e6f7-5d71-4c1a-a062-957691b681c3	3		10	2
122	2017-02-15 15:42:51.80267-05	23fc48f0-a073-4ad2-9347-63fd53f22843	urn:uuid:23fc48f0-a073-4ad2-9347-63fd53f22843	3		10	2
123	2017-02-15 15:42:51.804065-05	1d67da41-61aa-4d16-b18b-500ebb963425	urn:uuid:1d67da41-61aa-4d16-b18b-500ebb963425	3		10	2
124	2017-02-15 15:42:51.805437-05	1c4a7d91-7fae-4be3-a57d-72ff2ae915c2	urn:uuid:1c4a7d91-7fae-4be3-a57d-72ff2ae915c2	3		10	2
125	2017-02-15 15:42:51.806803-05	1b88c3d2-ff4b-41db-bad5-a52e5600d63d	urn:uuid:1b88c3d2-ff4b-41db-bad5-a52e5600d63d	3		10	2
126	2017-02-15 15:42:51.808101-05	1b54db1d-7a73-49f2-9988-ad078c361817	urn:uuid:1b54db1d-7a73-49f2-9988-ad078c361817	3		10	2
127	2017-02-15 15:42:51.809345-05	1817d426-5fb2-4ed1-99cd-5e0423f58570	urn:uuid:1817d426-5fb2-4ed1-99cd-5e0423f58570	3		10	2
128	2017-02-15 15:42:51.810683-05	136735d5-5671-4b4d-8520-54fd4864f57a	urn:uuid:136735d5-5671-4b4d-8520-54fd4864f57a	3		10	2
129	2017-02-15 15:42:51.811987-05	103a5390-b926-48fe-91cb-5376384b8f53	urn:uuid:103a5390-b926-48fe-91cb-5376384b8f53	3		10	2
130	2017-02-15 15:42:51.813339-05	0d2c0ad8-6076-49b7-b4ef-863a20b28214	urn:uuid:0d2c0ad8-6076-49b7-b4ef-863a20b28214	3		10	2
131	2017-02-15 15:42:51.814699-05	0a038070-2ee6-41e4-8eed-4b17c615c4b5	urn:uuid:0a038070-2ee6-41e4-8eed-4b17c615c4b5	3		10	2
132	2017-02-15 15:42:51.815995-05	092ca5b2-ce60-4fb6-8386-3e6a259e1f26	urn:uuid:092ca5b2-ce60-4fb6-8386-3e6a259e1f26	3		10	2
133	2017-02-15 15:42:51.817332-05	04f81e67-cfbf-41c4-add2-eb9f5f6ce738	urn:uuid:04f81e67-cfbf-41c4-add2-eb9f5f6ce738	3		10	2
134	2017-02-15 15:42:51.818623-05	01b28ab8-6efc-40c6-b78e-a63afe0f9608	urn:uuid:01b28ab8-6efc-40c6-b78e-a63afe0f9608	3		10	2
135	2017-02-15 16:02:27.344699-05	24	<Argument: Operation: Editing Finished; finished_editors => finished_editors>	1	[{"added": {}}]	14	2
136	2017-02-15 16:04:05.419936-05	9	<Argument: Operation: Editing Finished; editor_count => editor_count>	2	[{"changed": {"fields": ["operation"]}}]	14	2
137	2017-02-15 16:15:56.555477-05	ff6cd7c2-b4d1-4147-b564-637ef76509be	Finish Review	2	[{"changed": {"fields": ["return_value"]}}]	15	2
138	2017-02-15 16:18:09.538837-05	e839bce3-1de9-4325-8a5e-6d02bb9f222a	Review Finished	1	[{"added": {}}]	15	2
139	2017-02-15 16:19:37.842782-05	25	<Argument: Operation: Review Finished; finished_reviewers => finished_assignees>	1	[{"added": {}}]	14	2
140	2017-02-15 16:21:31.296083-05	reviewer_count	Required Reviews Count	1	[{"added": {}}]	12	2
141	2017-02-15 16:28:03.173285-05	e839bce3-1de9-4325-8a5e-6d02bb9f222a	Reviews Finished	2	[{"changed": {"fields": ["name", "operation"]}}]	15	2
142	2017-02-15 16:30:50.556118-05	24	<Argument: Operation: Editing Finished; finished_editors => finished_assignees>	2	[{"changed": {"fields": ["name"]}}]	14	2
143	2017-02-15 16:30:55.741256-05	25	<Argument: Operation: Reviews Finished; finished_reviewers => finished_assignees>	2	[]	14	2
144	2017-02-15 16:50:18.860913-05	9	<Argument: Operation: Editing Finished; editor_count => required_finished_assignees>	2	[{"changed": {"fields": ["name"]}}]	14	2
145	2017-02-15 16:50:55.01338-05	25	<Argument: Operation: Reviews Finished; finished_reviewers => finished_assignees>	2	[]	14	2
146	2017-02-15 16:51:20.424996-05	26	<Argument: Operation: Reviews Finished; reviewer_count => required_finished_assignees>	1	[{"added": {}}]	14	2
147	2017-02-15 16:53:17.156668-05	14	<Argument: Operation: Accept Invitation To Review; reviewee => invited>	2	[{"changed": {"fields": ["name"]}}]	14	2
148	2017-02-15 16:55:32.212267-05	13	<Argument: Operation: Accept Invitation To Review; invited_reviewers => invited>	2	[{"changed": {"fields": ["name"]}}]	14	2
149	2017-02-15 16:55:55.766621-05	14	<Argument: Operation: Accept Invitation To Review; invitee => invitee>	2	[{"changed": {"fields": ["value", "name"]}}]	14	2
150	2017-02-15 16:56:21.007814-05	27	<Argument: Operation: Invite Reviewers; rsvp => rsvp>	1	[{"added": {}}]	14	2
151	2017-02-15 16:56:36.118578-05	27	<Argument: Operation: Accept Invitation To Review; rsvp => rsvp>	2	[{"changed": {"fields": ["operation"]}}]	14	2
152	2017-02-15 16:57:29.645733-05	28	<Argument: Operation: Accept Invitation To Review; active_reviewers => active_assignees>	1	[{"added": {}}]	14	2
153	2017-02-15 16:57:40.429001-05	21	<Argument: Operation: Accept Invitation To Edit; active_editors => active_assignees>	2	[{"changed": {"fields": ["name"]}}]	14	2
154	2017-02-15 17:03:45.119376-05	b9f8a71c-2fc9-4afe-b101-9641204b61d0	Editing Finished	2	[{"changed": {"fields": ["operation"]}}]	15	2
155	2017-02-15 17:04:39.49426-05	15592618-d63b-4577-9008-056993f71761	Conclude Editing	2	[{"changed": {"fields": ["operation"]}}]	15	2
156	2017-02-15 17:05:10.992513-05	ff6cd7c2-b4d1-4147-b564-637ef76509be	Finish Review	2	[{"changed": {"fields": ["operation"]}}]	15	2
157	2017-02-15 17:09:12.074386-05	22	<Argument: Operation: Conclude Editing; finished_editors => finished_assignees>	2	[{"changed": {"fields": ["name"]}}]	14	2
158	2017-02-15 17:09:37.253931-05	8	<Argument: Operation: Conclude Editing; finished_editor => finished_assignee>	2	[{"changed": {"fields": ["name"]}}]	14	2
159	2017-02-15 17:09:49.723154-05	7	<Argument: Operation: Conclude Editing; active_editors => active_assignees>	2	[{"changed": {"fields": ["name"]}}]	14	2
160	2017-02-15 17:12:50.675097-05	29	<Argument: Operation: Finish Review; finished_reviewers => finished_assignees>	1	[{"added": {}}]	14	2
161	2017-02-15 18:46:48.2811-05	finished_reviewer	Finished Reviewer	2	[{"changed": {"fields": ["type"]}}]	12	2
162	2017-02-17 13:07:38.961758-05	15592618-d63b-4577-9008-056993f71761	Conclude Editing	2	[{"changed": {"fields": ["view"]}}]	15	2
163	2017-02-17 17:00:58.020345-05	16	<Argument: Operation: Finish Review; finished_reviewer => finished_assignee>	2	[{"changed": {"fields": ["name"]}}]	14	2
164	2017-02-17 17:01:17.726122-05	15	<Argument: Operation: Finish Review; active_reviewers => active_assignees>	2	[{"changed": {"fields": ["name"]}}]	14	2
165	2017-02-17 17:20:25.077897-05	active_reviewers	Active Reviewers	2	[{"changed": {"fields": ["type"]}}]	12	2
166	2017-02-17 17:21:34.978174-05	490faaf4-99bf-401c-8da5-59a2092bf427	Invite Reviewers	2	[{"changed": {"fields": ["view"]}}]	15	2
167	2017-02-22 15:01:27.141946-05	ff6cd7c2-b4d1-4147-b564-637ef76509be	Finish Review	2	[{"changed": {"fields": ["view"]}}]	15	2
168	2017-02-23 09:16:09.078912-05	0df3e52b-55ee-4402-bdca-1579bb807f75	Associate a Resource	2	[{"changed": {"fields": ["description"]}}]	15	2
169	2017-02-23 09:27:53.969252-05	0df3e52b-55ee-4402-bdca-1579bb807f75	Associate a Work	2	[{"changed": {"fields": ["name", "description"]}}]	15	2
170	2017-02-23 10:12:08.681527-05	workflow_completed	Workflow Complete	1	[{"added": {}}]	12	2
171	2017-02-23 10:12:11.615622-05	c00c2979-836d-42ce-8055-f40b4541faba	Decision	2	[{"changed": {"fields": ["description", "return_value"]}}]	15	2
172	2017-02-23 13:56:28.205956-05	30	<Parameters: Operation: Invite Editors; ready_to_review => assignments_finished>	1	[{"added": {}}]	14	2
173	2017-02-23 13:57:57.087823-05	ready_to_review	Editing Complete	2	[{"changed": {"fields": ["name", "description"]}}]	12	2
174	2017-02-23 13:59:35.669841-05	31	<Parameters: Operation: Accept Invitation To Edit; ready_to_review => assignments_finished>	1	[{"added": {}}]	14	2
175	2017-02-23 14:00:08.530943-05	editing_complete	Editing Complete	2	[{"changed": {"fields": ["key"]}}]	12	2
176	2017-02-23 14:01:43.223644-05	32	<Parameters: Operation: Accept Invitation To Review; ready_for_decision => assignments_finished>	1	[{"added": {}}]	14	2
177	2017-02-23 14:03:35.203457-05	review_complete	Review Complete	2	[{"changed": {"fields": ["key", "name"]}}]	12	2
178	2017-02-23 14:05:38.969355-05	review_complete	Review Complete	2	[{"changed": {"fields": ["key", "name"]}}]	12	2
179	2017-02-23 14:07:07.907426-05	33	<Parameters: Operation: Conclude Editing; editing_complete => assignments_finished>	1	[{"added": {}}]	14	2
180	2017-02-23 14:07:46.473171-05	34	<Parameters: Operation: Invite Reviewers; review_complete => assignments_finished>	1	[{"added": {}}]	14	2
181	2017-02-23 14:08:23.333354-05	35	<Parameters: Operation: Finish Review; review_complete => assignments_finished>	1	[{"added": {}}]	14	2
182	2017-02-23 14:09:58.09613-05	review_complete	Review Complete	2	[{"changed": {"fields": ["key", "name"]}}]	12	2
183	2017-02-23 14:13:44.047792-05	review_complete	Review Complete	2	[{"changed": {"fields": ["key", "name"]}}]	12	2
184	2017-02-23 14:19:21.877823-05	17	<Parameters: Operation: Decision; review_complete => ready_for_decision>	2	[{"changed": {"fields": ["value"]}}]	14	2
185	2017-02-23 14:23:13.46291-05	review_complete	Review Complete	2	[{"changed": {"fields": ["type"]}}]	12	2
186	2017-02-23 14:31:11.629357-05	ready_for_decision	Ready Tor Decision	3		12	2
187	2017-02-23 14:33:13.476362-05	1acc91ff-9dda-4714-83ef-6c34f01616b4	Reviews Finished	1	[{"added": {}}]	15	2
188	2017-02-23 14:35:40.719764-05	36	<Parameters: Operation: Accept Invitation To Review; review_complete => assignments_finished>	1	[{"added": {}}]	14	2
189	2017-02-23 14:40:52.178802-05	37	<Parameters: Operation: Reviews Finished; finished_reviewers => finished_assignees>	1	[{"added": {}}]	14	2
190	2017-02-23 14:41:48.686515-05	38	<Parameters: Operation: Reviews Finished; reviewer_count => required_finished_assignees>	1	[{"added": {}}]	14	2
191	2017-02-23 14:54:20.395244-05	editing_complete	Editing Complete	2	[{"changed": {"fields": ["key", "type"]}}]	12	2
192	2017-02-23 14:57:02.967919-05	b9f8a71c-2fc9-4afe-b101-9641204b61d0	Editing Finished	2	[{"changed": {"fields": ["return_value"]}}]	15	2
193	2017-02-23 14:58:04.797033-05	33	<Parameters: Operation: Conclude Editing; ready_to_review => assignments_finished>	2	[{"changed": {"fields": ["value"]}}]	14	2
194	2017-02-23 14:58:11.569016-05	31	<Parameters: Operation: Accept Invitation To Edit; ready_to_review => assignments_finished>	2	[]	14	2
195	2017-02-23 14:58:16.983977-05	33	<Parameters: Operation: Conclude Editing; ready_to_review => assignments_finished>	2	[]	14	2
196	2017-02-23 14:58:22.957734-05	30	<Parameters: Operation: Invite Editors; ready_to_review => assignments_finished>	2	[]	14	2
197	2017-02-23 14:58:53.799146-05	10	<Parameters: Operation: Invite Reviewers; editing_complete => permit>	2	[{"changed": {"fields": ["value"]}}]	14	2
198	2017-02-23 14:59:10.596114-05	31	<Parameters: Operation: Accept Invitation To Edit; editing_complete => assignments_finished>	2	[{"changed": {"fields": ["value"]}}]	14	2
199	2017-02-23 14:59:39.999992-05	33	<Parameters: Operation: Conclude Editing; editing_complete => assignments_finished>	2	[{"changed": {"fields": ["value"]}}]	14	2
200	2017-02-23 15:00:01.515249-05	30	<Parameters: Operation: Invite Editors; editing_complete => assignments_finished>	2	[{"changed": {"fields": ["value"]}}]	14	2
201	2017-02-23 15:00:12.612994-05	ready_to_review	Editing Complete	3		12	2
202	2017-02-23 15:00:24.310197-05	editing_complete	Editing Complete	2	[]	12	2
203	2017-02-23 15:36:28.04882-05	editing_complete	Editing Complete	2	[]	12	2
204	2017-02-24 12:56:03.765587-05	39	<Parameters: Operation: Decision; workflow_completed => workflow_finished>	1	[{"added": {}}]	14	2
205	2017-02-27 13:31:05.999002-05	39	<Parameters: Operation: Decision; workflow_completed => workflow_finished>	3		14	2
\.


--
-- Name: django_admin_log_id_seq; Type: SEQUENCE SET; Schema: public; Owner: josh
--

SELECT pg_catalog.setval('django_admin_log_id_seq', 205, true);


--
-- Data for Name: django_content_type; Type: TABLE DATA; Schema: public; Owner: josh
--

COPY django_content_type (id, app_label, model) FROM stdin;
1	admin	logentry
2	auth	user
3	auth	group
4	auth	permission
5	contenttypes	contenttype
6	sessions	session
7	workflow	resource
8	workflow	service
9	workflow	workflow
10	workflow	context
11	workflow	role
12	workflow	value
13	workflow	message
15	workflow	operation
16	guardian	userobjectpermission
17	guardian	groupobjectpermission
14	workflow	parameter
\.


--
-- Name: django_content_type_id_seq; Type: SEQUENCE SET; Schema: public; Owner: josh
--

SELECT pg_catalog.setval('django_content_type_id_seq', 17, true);


--
-- Data for Name: django_migrations; Type: TABLE DATA; Schema: public; Owner: josh
--

COPY django_migrations (id, app, name, applied) FROM stdin;
1	contenttypes	0001_initial	2017-02-09 17:59:23.97538-05
2	auth	0001_initial	2017-02-09 17:59:24.025874-05
3	admin	0001_initial	2017-02-09 17:59:24.054518-05
4	admin	0002_logentry_remove_auto_add	2017-02-09 17:59:24.072861-05
5	contenttypes	0002_remove_content_type_name	2017-02-09 17:59:24.126828-05
6	auth	0002_alter_permission_name_max_length	2017-02-09 17:59:24.145846-05
7	auth	0003_alter_user_email_max_length	2017-02-09 17:59:24.164851-05
8	auth	0004_alter_user_username_opts	2017-02-09 17:59:24.193053-05
9	auth	0005_alter_user_last_login_null	2017-02-09 17:59:24.211492-05
10	auth	0006_require_contenttypes_0002	2017-02-09 17:59:24.213726-05
11	auth	0007_alter_validators_add_error_messages	2017-02-09 17:59:24.238479-05
12	auth	0008_alter_user_username_max_length	2017-02-09 17:59:24.25756-05
13	guardian	0001_initial	2017-02-09 17:59:24.368124-05
14	sessions	0001_initial	2017-02-09 17:59:24.380885-05
15	workflow	0001_initial	2017-02-09 17:59:24.600806-05
16	workflow	0002_auto_20170220_1612	2017-02-20 11:45:02.383052-05
17	workflow	0003_auto_20170220_1623	2017-02-20 11:45:02.493254-05
18	workflow	0004_auto_20170220_1954	2017-02-20 15:24:17.789583-05
\.


--
-- Name: django_migrations_id_seq; Type: SEQUENCE SET; Schema: public; Owner: josh
--

SELECT pg_catalog.setval('django_migrations_id_seq', 18, true);


--
-- Data for Name: django_session; Type: TABLE DATA; Schema: public; Owner: josh
--

COPY django_session (session_key, session_data, expire_date) FROM stdin;
pysw558j6d1lw4zn3xuhn9mb8zj4dnzt	MjY3YzVlZjRkNGJhNzcxNTM4ZWYyN2FjMzc5NmQxY2Q2MzNlMjFhZTp7Il9hdXRoX3VzZXJfaWQiOiIyIiwiX2F1dGhfdXNlcl9iYWNrZW5kIjoiZGphbmdvLmNvbnRyaWIuYXV0aC5iYWNrZW5kcy5Nb2RlbEJhY2tlbmQiLCJfYXV0aF91c2VyX2hhc2giOiJkZjZhMjdlM2RmM2NkZjg3MWRhYjRhMTc1YzA2M2NkNzIwNWM4OTU5In0=	2017-02-23 18:00:39.051915-05
oe0rx6cycwboyu7pzv4ukei9k6ua0rht	MjY3YzVlZjRkNGJhNzcxNTM4ZWYyN2FjMzc5NmQxY2Q2MzNlMjFhZTp7Il9hdXRoX3VzZXJfaWQiOiIyIiwiX2F1dGhfdXNlcl9iYWNrZW5kIjoiZGphbmdvLmNvbnRyaWIuYXV0aC5iYWNrZW5kcy5Nb2RlbEJhY2tlbmQiLCJfYXV0aF91c2VyX2hhc2giOiJkZjZhMjdlM2RmM2NkZjg3MWRhYjRhMTc1YzA2M2NkNzIwNWM4OTU5In0=	2017-02-23 18:15:50.815572-05
9tgd050q7b928wht2ijly83l6c74hyn3	MjY3YzVlZjRkNGJhNzcxNTM4ZWYyN2FjMzc5NmQxY2Q2MzNlMjFhZTp7Il9hdXRoX3VzZXJfaWQiOiIyIiwiX2F1dGhfdXNlcl9iYWNrZW5kIjoiZGphbmdvLmNvbnRyaWIuYXV0aC5iYWNrZW5kcy5Nb2RlbEJhY2tlbmQiLCJfYXV0aF91c2VyX2hhc2giOiJkZjZhMjdlM2RmM2NkZjg3MWRhYjRhMTc1YzA2M2NkNzIwNWM4OTU5In0=	2017-02-24 09:23:28.037505-05
gc1xuka7gm79l19cpyp393vdw3z0f0is	MjY3YzVlZjRkNGJhNzcxNTM4ZWYyN2FjMzc5NmQxY2Q2MzNlMjFhZTp7Il9hdXRoX3VzZXJfaWQiOiIyIiwiX2F1dGhfdXNlcl9iYWNrZW5kIjoiZGphbmdvLmNvbnRyaWIuYXV0aC5iYWNrZW5kcy5Nb2RlbEJhY2tlbmQiLCJfYXV0aF91c2VyX2hhc2giOiJkZjZhMjdlM2RmM2NkZjg3MWRhYjRhMTc1YzA2M2NkNzIwNWM4OTU5In0=	2017-02-24 09:56:01.997699-05
m6ltn97s9ky86u5c0qa2cn2o0usegyt4	MjY3YzVlZjRkNGJhNzcxNTM4ZWYyN2FjMzc5NmQxY2Q2MzNlMjFhZTp7Il9hdXRoX3VzZXJfaWQiOiIyIiwiX2F1dGhfdXNlcl9iYWNrZW5kIjoiZGphbmdvLmNvbnRyaWIuYXV0aC5iYWNrZW5kcy5Nb2RlbEJhY2tlbmQiLCJfYXV0aF91c2VyX2hhc2giOiJkZjZhMjdlM2RmM2NkZjg3MWRhYjRhMTc1YzA2M2NkNzIwNWM4OTU5In0=	2017-02-24 12:14:43.503645-05
dmhrulfjjahmlydixkvi4quir1oxdaca	MjY3YzVlZjRkNGJhNzcxNTM4ZWYyN2FjMzc5NmQxY2Q2MzNlMjFhZTp7Il9hdXRoX3VzZXJfaWQiOiIyIiwiX2F1dGhfdXNlcl9iYWNrZW5kIjoiZGphbmdvLmNvbnRyaWIuYXV0aC5iYWNrZW5kcy5Nb2RlbEJhY2tlbmQiLCJfYXV0aF91c2VyX2hhc2giOiJkZjZhMjdlM2RmM2NkZjg3MWRhYjRhMTc1YzA2M2NkNzIwNWM4OTU5In0=	2017-02-24 14:49:54.278466-05
2gteivo7t4478p7c7bg9f9j4suco2z31	MjY3YzVlZjRkNGJhNzcxNTM4ZWYyN2FjMzc5NmQxY2Q2MzNlMjFhZTp7Il9hdXRoX3VzZXJfaWQiOiIyIiwiX2F1dGhfdXNlcl9iYWNrZW5kIjoiZGphbmdvLmNvbnRyaWIuYXV0aC5iYWNrZW5kcy5Nb2RlbEJhY2tlbmQiLCJfYXV0aF91c2VyX2hhc2giOiJkZjZhMjdlM2RmM2NkZjg3MWRhYjRhMTc1YzA2M2NkNzIwNWM4OTU5In0=	2017-02-24 14:51:15.160488-05
wizo4z1fcgppnkiu4v97dilcwq80vkj7	MjY3YzVlZjRkNGJhNzcxNTM4ZWYyN2FjMzc5NmQxY2Q2MzNlMjFhZTp7Il9hdXRoX3VzZXJfaWQiOiIyIiwiX2F1dGhfdXNlcl9iYWNrZW5kIjoiZGphbmdvLmNvbnRyaWIuYXV0aC5iYWNrZW5kcy5Nb2RlbEJhY2tlbmQiLCJfYXV0aF91c2VyX2hhc2giOiJkZjZhMjdlM2RmM2NkZjg3MWRhYjRhMTc1YzA2M2NkNzIwNWM4OTU5In0=	2017-02-24 14:52:33.521812-05
kqxj31cq9o0syq141ythfwj22jdt0tj7	MjY3YzVlZjRkNGJhNzcxNTM4ZWYyN2FjMzc5NmQxY2Q2MzNlMjFhZTp7Il9hdXRoX3VzZXJfaWQiOiIyIiwiX2F1dGhfdXNlcl9iYWNrZW5kIjoiZGphbmdvLmNvbnRyaWIuYXV0aC5iYWNrZW5kcy5Nb2RlbEJhY2tlbmQiLCJfYXV0aF91c2VyX2hhc2giOiJkZjZhMjdlM2RmM2NkZjg3MWRhYjRhMTc1YzA2M2NkNzIwNWM4OTU5In0=	2017-02-27 22:36:47.600512-05
i3vn58xew1kg95cija68734yeil4510w	MjY3YzVlZjRkNGJhNzcxNTM4ZWYyN2FjMzc5NmQxY2Q2MzNlMjFhZTp7Il9hdXRoX3VzZXJfaWQiOiIyIiwiX2F1dGhfdXNlcl9iYWNrZW5kIjoiZGphbmdvLmNvbnRyaWIuYXV0aC5iYWNrZW5kcy5Nb2RlbEJhY2tlbmQiLCJfYXV0aF91c2VyX2hhc2giOiJkZjZhMjdlM2RmM2NkZjg3MWRhYjRhMTc1YzA2M2NkNzIwNWM4OTU5In0=	2017-02-27 22:50:06.059272-05
agvba25ip9bmrpy7bp8uojplwfftn0cj	MjY3YzVlZjRkNGJhNzcxNTM4ZWYyN2FjMzc5NmQxY2Q2MzNlMjFhZTp7Il9hdXRoX3VzZXJfaWQiOiIyIiwiX2F1dGhfdXNlcl9iYWNrZW5kIjoiZGphbmdvLmNvbnRyaWIuYXV0aC5iYWNrZW5kcy5Nb2RlbEJhY2tlbmQiLCJfYXV0aF91c2VyX2hhc2giOiJkZjZhMjdlM2RmM2NkZjg3MWRhYjRhMTc1YzA2M2NkNzIwNWM4OTU5In0=	2017-02-27 23:03:21.421688-05
d4quzef7jy3khqwre4zuh8b9pu4obhug	MjY3YzVlZjRkNGJhNzcxNTM4ZWYyN2FjMzc5NmQxY2Q2MzNlMjFhZTp7Il9hdXRoX3VzZXJfaWQiOiIyIiwiX2F1dGhfdXNlcl9iYWNrZW5kIjoiZGphbmdvLmNvbnRyaWIuYXV0aC5iYWNrZW5kcy5Nb2RlbEJhY2tlbmQiLCJfYXV0aF91c2VyX2hhc2giOiJkZjZhMjdlM2RmM2NkZjg3MWRhYjRhMTc1YzA2M2NkNzIwNWM4OTU5In0=	2017-02-27 23:23:55.825577-05
vj11t4k5koc5bfj5zkylrkos2royb2bm	MjY3YzVlZjRkNGJhNzcxNTM4ZWYyN2FjMzc5NmQxY2Q2MzNlMjFhZTp7Il9hdXRoX3VzZXJfaWQiOiIyIiwiX2F1dGhfdXNlcl9iYWNrZW5kIjoiZGphbmdvLmNvbnRyaWIuYXV0aC5iYWNrZW5kcy5Nb2RlbEJhY2tlbmQiLCJfYXV0aF91c2VyX2hhc2giOiJkZjZhMjdlM2RmM2NkZjg3MWRhYjRhMTc1YzA2M2NkNzIwNWM4OTU5In0=	2017-02-28 10:04:09.242433-05
pwuwj49joqsjkhddg5kcv58x84e136wm	MjY3YzVlZjRkNGJhNzcxNTM4ZWYyN2FjMzc5NmQxY2Q2MzNlMjFhZTp7Il9hdXRoX3VzZXJfaWQiOiIyIiwiX2F1dGhfdXNlcl9iYWNrZW5kIjoiZGphbmdvLmNvbnRyaWIuYXV0aC5iYWNrZW5kcy5Nb2RlbEJhY2tlbmQiLCJfYXV0aF91c2VyX2hhc2giOiJkZjZhMjdlM2RmM2NkZjg3MWRhYjRhMTc1YzA2M2NkNzIwNWM4OTU5In0=	2017-02-28 11:12:46.497995-05
0zdfcg45afaxtfpu94kngisyzewhjv1j	MjY3YzVlZjRkNGJhNzcxNTM4ZWYyN2FjMzc5NmQxY2Q2MzNlMjFhZTp7Il9hdXRoX3VzZXJfaWQiOiIyIiwiX2F1dGhfdXNlcl9iYWNrZW5kIjoiZGphbmdvLmNvbnRyaWIuYXV0aC5iYWNrZW5kcy5Nb2RlbEJhY2tlbmQiLCJfYXV0aF91c2VyX2hhc2giOiJkZjZhMjdlM2RmM2NkZjg3MWRhYjRhMTc1YzA2M2NkNzIwNWM4OTU5In0=	2017-02-28 13:48:51.737213-05
iuwdt5m429gzg4wjget9361bnfhfu6d3	MjY3YzVlZjRkNGJhNzcxNTM4ZWYyN2FjMzc5NmQxY2Q2MzNlMjFhZTp7Il9hdXRoX3VzZXJfaWQiOiIyIiwiX2F1dGhfdXNlcl9iYWNrZW5kIjoiZGphbmdvLmNvbnRyaWIuYXV0aC5iYWNrZW5kcy5Nb2RlbEJhY2tlbmQiLCJfYXV0aF91c2VyX2hhc2giOiJkZjZhMjdlM2RmM2NkZjg3MWRhYjRhMTc1YzA2M2NkNzIwNWM4OTU5In0=	2017-03-01 12:08:51.880264-05
75spdg4wixio0vu3ob1z5gosfi0g39v6	MjY3YzVlZjRkNGJhNzcxNTM4ZWYyN2FjMzc5NmQxY2Q2MzNlMjFhZTp7Il9hdXRoX3VzZXJfaWQiOiIyIiwiX2F1dGhfdXNlcl9iYWNrZW5kIjoiZGphbmdvLmNvbnRyaWIuYXV0aC5iYWNrZW5kcy5Nb2RlbEJhY2tlbmQiLCJfYXV0aF91c2VyX2hhc2giOiJkZjZhMjdlM2RmM2NkZjg3MWRhYjRhMTc1YzA2M2NkNzIwNWM4OTU5In0=	2017-03-01 12:40:44.233484-05
49dib4yx87b8kdtxkenbl2hxyisg65x0	MjY3YzVlZjRkNGJhNzcxNTM4ZWYyN2FjMzc5NmQxY2Q2MzNlMjFhZTp7Il9hdXRoX3VzZXJfaWQiOiIyIiwiX2F1dGhfdXNlcl9iYWNrZW5kIjoiZGphbmdvLmNvbnRyaWIuYXV0aC5iYWNrZW5kcy5Nb2RlbEJhY2tlbmQiLCJfYXV0aF91c2VyX2hhc2giOiJkZjZhMjdlM2RmM2NkZjg3MWRhYjRhMTc1YzA2M2NkNzIwNWM4OTU5In0=	2017-03-01 13:13:06.83352-05
ool0zcrbu6jn3pvzl4qg63e1rwl317xz	MjY3YzVlZjRkNGJhNzcxNTM4ZWYyN2FjMzc5NmQxY2Q2MzNlMjFhZTp7Il9hdXRoX3VzZXJfaWQiOiIyIiwiX2F1dGhfdXNlcl9iYWNrZW5kIjoiZGphbmdvLmNvbnRyaWIuYXV0aC5iYWNrZW5kcy5Nb2RlbEJhY2tlbmQiLCJfYXV0aF91c2VyX2hhc2giOiJkZjZhMjdlM2RmM2NkZjg3MWRhYjRhMTc1YzA2M2NkNzIwNWM4OTU5In0=	2017-03-01 13:26:00.585629-05
6ieo7c07lmi9qbin67h29c6qzidlyleh	MjY3YzVlZjRkNGJhNzcxNTM4ZWYyN2FjMzc5NmQxY2Q2MzNlMjFhZTp7Il9hdXRoX3VzZXJfaWQiOiIyIiwiX2F1dGhfdXNlcl9iYWNrZW5kIjoiZGphbmdvLmNvbnRyaWIuYXV0aC5iYWNrZW5kcy5Nb2RlbEJhY2tlbmQiLCJfYXV0aF91c2VyX2hhc2giOiJkZjZhMjdlM2RmM2NkZjg3MWRhYjRhMTc1YzA2M2NkNzIwNWM4OTU5In0=	2017-03-01 13:48:53.883907-05
lbpjc8h90y4skaddi2athca7i04769v6	MjY3YzVlZjRkNGJhNzcxNTM4ZWYyN2FjMzc5NmQxY2Q2MzNlMjFhZTp7Il9hdXRoX3VzZXJfaWQiOiIyIiwiX2F1dGhfdXNlcl9iYWNrZW5kIjoiZGphbmdvLmNvbnRyaWIuYXV0aC5iYWNrZW5kcy5Nb2RlbEJhY2tlbmQiLCJfYXV0aF91c2VyX2hhc2giOiJkZjZhMjdlM2RmM2NkZjg3MWRhYjRhMTc1YzA2M2NkNzIwNWM4OTU5In0=	2017-03-01 14:37:00.60229-05
mcdwlsrbprsdzif54uet3s4cuor8zkvy	MjY3YzVlZjRkNGJhNzcxNTM4ZWYyN2FjMzc5NmQxY2Q2MzNlMjFhZTp7Il9hdXRoX3VzZXJfaWQiOiIyIiwiX2F1dGhfdXNlcl9iYWNrZW5kIjoiZGphbmdvLmNvbnRyaWIuYXV0aC5iYWNrZW5kcy5Nb2RlbEJhY2tlbmQiLCJfYXV0aF91c2VyX2hhc2giOiJkZjZhMjdlM2RmM2NkZjg3MWRhYjRhMTc1YzA2M2NkNzIwNWM4OTU5In0=	2017-03-01 14:53:23.41466-05
h1w81mi6w981p8yt19dcl9ea1pp8f5x8	MjY3YzVlZjRkNGJhNzcxNTM4ZWYyN2FjMzc5NmQxY2Q2MzNlMjFhZTp7Il9hdXRoX3VzZXJfaWQiOiIyIiwiX2F1dGhfdXNlcl9iYWNrZW5kIjoiZGphbmdvLmNvbnRyaWIuYXV0aC5iYWNrZW5kcy5Nb2RlbEJhY2tlbmQiLCJfYXV0aF91c2VyX2hhc2giOiJkZjZhMjdlM2RmM2NkZjg3MWRhYjRhMTc1YzA2M2NkNzIwNWM4OTU5In0=	2017-03-01 14:56:45.291034-05
eya9m2m8uwcakwi9t1ocr56hqw4ayyef	MjY3YzVlZjRkNGJhNzcxNTM4ZWYyN2FjMzc5NmQxY2Q2MzNlMjFhZTp7Il9hdXRoX3VzZXJfaWQiOiIyIiwiX2F1dGhfdXNlcl9iYWNrZW5kIjoiZGphbmdvLmNvbnRyaWIuYXV0aC5iYWNrZW5kcy5Nb2RlbEJhY2tlbmQiLCJfYXV0aF91c2VyX2hhc2giOiJkZjZhMjdlM2RmM2NkZjg3MWRhYjRhMTc1YzA2M2NkNzIwNWM4OTU5In0=	2017-03-01 15:03:31.553171-05
edw04i416t1586vbg0n456x7d0kywae0	MjY3YzVlZjRkNGJhNzcxNTM4ZWYyN2FjMzc5NmQxY2Q2MzNlMjFhZTp7Il9hdXRoX3VzZXJfaWQiOiIyIiwiX2F1dGhfdXNlcl9iYWNrZW5kIjoiZGphbmdvLmNvbnRyaWIuYXV0aC5iYWNrZW5kcy5Nb2RlbEJhY2tlbmQiLCJfYXV0aF91c2VyX2hhc2giOiJkZjZhMjdlM2RmM2NkZjg3MWRhYjRhMTc1YzA2M2NkNzIwNWM4OTU5In0=	2017-03-09 21:23:49.53803-05
bbqnk7mx9eeqggmy4vi5pazjfcqzxcwu	MjY3YzVlZjRkNGJhNzcxNTM4ZWYyN2FjMzc5NmQxY2Q2MzNlMjFhZTp7Il9hdXRoX3VzZXJfaWQiOiIyIiwiX2F1dGhfdXNlcl9iYWNrZW5kIjoiZGphbmdvLmNvbnRyaWIuYXV0aC5iYWNrZW5kcy5Nb2RlbEJhY2tlbmQiLCJfYXV0aF91c2VyX2hhc2giOiJkZjZhMjdlM2RmM2NkZjg3MWRhYjRhMTc1YzA2M2NkNzIwNWM4OTU5In0=	2017-03-01 15:43:39.415686-05
615fscnvvfvnxni8a33w85o9upr5mtui	MjY3YzVlZjRkNGJhNzcxNTM4ZWYyN2FjMzc5NmQxY2Q2MzNlMjFhZTp7Il9hdXRoX3VzZXJfaWQiOiIyIiwiX2F1dGhfdXNlcl9iYWNrZW5kIjoiZGphbmdvLmNvbnRyaWIuYXV0aC5iYWNrZW5kcy5Nb2RlbEJhY2tlbmQiLCJfYXV0aF91c2VyX2hhc2giOiJkZjZhMjdlM2RmM2NkZjg3MWRhYjRhMTc1YzA2M2NkNzIwNWM4OTU5In0=	2017-03-01 15:50:40.708582-05
1ajixl7l3o81aie68id96s4qbv4l00i9	MjY3YzVlZjRkNGJhNzcxNTM4ZWYyN2FjMzc5NmQxY2Q2MzNlMjFhZTp7Il9hdXRoX3VzZXJfaWQiOiIyIiwiX2F1dGhfdXNlcl9iYWNrZW5kIjoiZGphbmdvLmNvbnRyaWIuYXV0aC5iYWNrZW5kcy5Nb2RlbEJhY2tlbmQiLCJfYXV0aF91c2VyX2hhc2giOiJkZjZhMjdlM2RmM2NkZjg3MWRhYjRhMTc1YzA2M2NkNzIwNWM4OTU5In0=	2017-03-01 16:24:12.695039-05
u5v9rrs08jh3zndqjjf2mv33v9fwiijf	MjY3YzVlZjRkNGJhNzcxNTM4ZWYyN2FjMzc5NmQxY2Q2MzNlMjFhZTp7Il9hdXRoX3VzZXJfaWQiOiIyIiwiX2F1dGhfdXNlcl9iYWNrZW5kIjoiZGphbmdvLmNvbnRyaWIuYXV0aC5iYWNrZW5kcy5Nb2RlbEJhY2tlbmQiLCJfYXV0aF91c2VyX2hhc2giOiJkZjZhMjdlM2RmM2NkZjg3MWRhYjRhMTc1YzA2M2NkNzIwNWM4OTU5In0=	2017-03-01 17:03:08.57886-05
u2vk7is2ex9afjjnn1anp8s8wp555a7u	MjY3YzVlZjRkNGJhNzcxNTM4ZWYyN2FjMzc5NmQxY2Q2MzNlMjFhZTp7Il9hdXRoX3VzZXJfaWQiOiIyIiwiX2F1dGhfdXNlcl9iYWNrZW5kIjoiZGphbmdvLmNvbnRyaWIuYXV0aC5iYWNrZW5kcy5Nb2RlbEJhY2tlbmQiLCJfYXV0aF91c2VyX2hhc2giOiJkZjZhMjdlM2RmM2NkZjg3MWRhYjRhMTc1YzA2M2NkNzIwNWM4OTU5In0=	2017-03-01 17:27:28.192611-05
s4j01rgt15c7p71dzah0voro2wo89h2b	MjY3YzVlZjRkNGJhNzcxNTM4ZWYyN2FjMzc5NmQxY2Q2MzNlMjFhZTp7Il9hdXRoX3VzZXJfaWQiOiIyIiwiX2F1dGhfdXNlcl9iYWNrZW5kIjoiZGphbmdvLmNvbnRyaWIuYXV0aC5iYWNrZW5kcy5Nb2RlbEJhY2tlbmQiLCJfYXV0aF91c2VyX2hhc2giOiJkZjZhMjdlM2RmM2NkZjg3MWRhYjRhMTc1YzA2M2NkNzIwNWM4OTU5In0=	2017-03-01 18:46:25.197017-05
uvkz3usx6znpiiptyzlq68onc8ia77ha	MjY3YzVlZjRkNGJhNzcxNTM4ZWYyN2FjMzc5NmQxY2Q2MzNlMjFhZTp7Il9hdXRoX3VzZXJfaWQiOiIyIiwiX2F1dGhfdXNlcl9iYWNrZW5kIjoiZGphbmdvLmNvbnRyaWIuYXV0aC5iYWNrZW5kcy5Nb2RlbEJhY2tlbmQiLCJfYXV0aF91c2VyX2hhc2giOiJkZjZhMjdlM2RmM2NkZjg3MWRhYjRhMTc1YzA2M2NkNzIwNWM4OTU5In0=	2017-03-01 18:50:42.789565-05
m7j1gugn6d7uci9fnb6nnz31135ljuru	MjY3YzVlZjRkNGJhNzcxNTM4ZWYyN2FjMzc5NmQxY2Q2MzNlMjFhZTp7Il9hdXRoX3VzZXJfaWQiOiIyIiwiX2F1dGhfdXNlcl9iYWNrZW5kIjoiZGphbmdvLmNvbnRyaWIuYXV0aC5iYWNrZW5kcy5Nb2RlbEJhY2tlbmQiLCJfYXV0aF91c2VyX2hhc2giOiJkZjZhMjdlM2RmM2NkZjg3MWRhYjRhMTc1YzA2M2NkNzIwNWM4OTU5In0=	2017-03-03 13:03:18.513754-05
7udc886jd6t03pj76c2xtpar2puhi89z	MjY3YzVlZjRkNGJhNzcxNTM4ZWYyN2FjMzc5NmQxY2Q2MzNlMjFhZTp7Il9hdXRoX3VzZXJfaWQiOiIyIiwiX2F1dGhfdXNlcl9iYWNrZW5kIjoiZGphbmdvLmNvbnRyaWIuYXV0aC5iYWNrZW5kcy5Nb2RlbEJhY2tlbmQiLCJfYXV0aF91c2VyX2hhc2giOiJkZjZhMjdlM2RmM2NkZjg3MWRhYjRhMTc1YzA2M2NkNzIwNWM4OTU5In0=	2017-03-03 14:36:20.808548-05
ebmrdf18205xxke2yslvxkski16fnfwd	MjY3YzVlZjRkNGJhNzcxNTM4ZWYyN2FjMzc5NmQxY2Q2MzNlMjFhZTp7Il9hdXRoX3VzZXJfaWQiOiIyIiwiX2F1dGhfdXNlcl9iYWNrZW5kIjoiZGphbmdvLmNvbnRyaWIuYXV0aC5iYWNrZW5kcy5Nb2RlbEJhY2tlbmQiLCJfYXV0aF91c2VyX2hhc2giOiJkZjZhMjdlM2RmM2NkZjg3MWRhYjRhMTc1YzA2M2NkNzIwNWM4OTU5In0=	2017-03-03 16:51:57.256478-05
6ef0ksas19615ntdxh3m15k4bzwz2sy2	MjY3YzVlZjRkNGJhNzcxNTM4ZWYyN2FjMzc5NmQxY2Q2MzNlMjFhZTp7Il9hdXRoX3VzZXJfaWQiOiIyIiwiX2F1dGhfdXNlcl9iYWNrZW5kIjoiZGphbmdvLmNvbnRyaWIuYXV0aC5iYWNrZW5kcy5Nb2RlbEJhY2tlbmQiLCJfYXV0aF91c2VyX2hhc2giOiJkZjZhMjdlM2RmM2NkZjg3MWRhYjRhMTc1YzA2M2NkNzIwNWM4OTU5In0=	2017-03-03 16:56:26.146205-05
b6a9aqmij2hy0jhusr18osjuj7tj7rz9	MjY3YzVlZjRkNGJhNzcxNTM4ZWYyN2FjMzc5NmQxY2Q2MzNlMjFhZTp7Il9hdXRoX3VzZXJfaWQiOiIyIiwiX2F1dGhfdXNlcl9iYWNrZW5kIjoiZGphbmdvLmNvbnRyaWIuYXV0aC5iYWNrZW5kcy5Nb2RlbEJhY2tlbmQiLCJfYXV0aF91c2VyX2hhc2giOiJkZjZhMjdlM2RmM2NkZjg3MWRhYjRhMTc1YzA2M2NkNzIwNWM4OTU5In0=	2017-03-03 16:59:33.037926-05
stj0h61hsmfdgv0nqw8xt2f57fhj2c0q	MjY3YzVlZjRkNGJhNzcxNTM4ZWYyN2FjMzc5NmQxY2Q2MzNlMjFhZTp7Il9hdXRoX3VzZXJfaWQiOiIyIiwiX2F1dGhfdXNlcl9iYWNrZW5kIjoiZGphbmdvLmNvbnRyaWIuYXV0aC5iYWNrZW5kcy5Nb2RlbEJhY2tlbmQiLCJfYXV0aF91c2VyX2hhc2giOiJkZjZhMjdlM2RmM2NkZjg3MWRhYjRhMTc1YzA2M2NkNzIwNWM4OTU5In0=	2017-03-03 17:02:53.21346-05
xy3uoo5s25yngialcyf42545gnzj42kr	MjY3YzVlZjRkNGJhNzcxNTM4ZWYyN2FjMzc5NmQxY2Q2MzNlMjFhZTp7Il9hdXRoX3VzZXJfaWQiOiIyIiwiX2F1dGhfdXNlcl9iYWNrZW5kIjoiZGphbmdvLmNvbnRyaWIuYXV0aC5iYWNrZW5kcy5Nb2RlbEJhY2tlbmQiLCJfYXV0aF91c2VyX2hhc2giOiJkZjZhMjdlM2RmM2NkZjg3MWRhYjRhMTc1YzA2M2NkNzIwNWM4OTU5In0=	2017-03-03 17:17:58.103677-05
x3swkna8qn77zb04cs4651946tpqi1mv	MjY3YzVlZjRkNGJhNzcxNTM4ZWYyN2FjMzc5NmQxY2Q2MzNlMjFhZTp7Il9hdXRoX3VzZXJfaWQiOiIyIiwiX2F1dGhfdXNlcl9iYWNrZW5kIjoiZGphbmdvLmNvbnRyaWIuYXV0aC5iYWNrZW5kcy5Nb2RlbEJhY2tlbmQiLCJfYXV0aF91c2VyX2hhc2giOiJkZjZhMjdlM2RmM2NkZjg3MWRhYjRhMTc1YzA2M2NkNzIwNWM4OTU5In0=	2017-03-03 17:21:26.022351-05
kws1rymc5u17ru3f3f9z8zhbt9v46b77	MjY3YzVlZjRkNGJhNzcxNTM4ZWYyN2FjMzc5NmQxY2Q2MzNlMjFhZTp7Il9hdXRoX3VzZXJfaWQiOiIyIiwiX2F1dGhfdXNlcl9iYWNrZW5kIjoiZGphbmdvLmNvbnRyaWIuYXV0aC5iYWNrZW5kcy5Nb2RlbEJhY2tlbmQiLCJfYXV0aF91c2VyX2hhc2giOiJkZjZhMjdlM2RmM2NkZjg3MWRhYjRhMTc1YzA2M2NkNzIwNWM4OTU5In0=	2017-03-06 15:10:01.426412-05
p9jb7nj498dtl84hvzsgcojca29b3qyn	MjY3YzVlZjRkNGJhNzcxNTM4ZWYyN2FjMzc5NmQxY2Q2MzNlMjFhZTp7Il9hdXRoX3VzZXJfaWQiOiIyIiwiX2F1dGhfdXNlcl9iYWNrZW5kIjoiZGphbmdvLmNvbnRyaWIuYXV0aC5iYWNrZW5kcy5Nb2RlbEJhY2tlbmQiLCJfYXV0aF91c2VyX2hhc2giOiJkZjZhMjdlM2RmM2NkZjg3MWRhYjRhMTc1YzA2M2NkNzIwNWM4OTU5In0=	2017-03-08 10:55:58.690027-05
n4mpwwx8376c1einid6sru7p7flm1c80	MjY3YzVlZjRkNGJhNzcxNTM4ZWYyN2FjMzc5NmQxY2Q2MzNlMjFhZTp7Il9hdXRoX3VzZXJfaWQiOiIyIiwiX2F1dGhfdXNlcl9iYWNrZW5kIjoiZGphbmdvLmNvbnRyaWIuYXV0aC5iYWNrZW5kcy5Nb2RlbEJhY2tlbmQiLCJfYXV0aF91c2VyX2hhc2giOiJkZjZhMjdlM2RmM2NkZjg3MWRhYjRhMTc1YzA2M2NkNzIwNWM4OTU5In0=	2017-03-08 11:52:35.270326-05
e50492xy9fu80upx6i7xp36pe3flxm0w	MjY3YzVlZjRkNGJhNzcxNTM4ZWYyN2FjMzc5NmQxY2Q2MzNlMjFhZTp7Il9hdXRoX3VzZXJfaWQiOiIyIiwiX2F1dGhfdXNlcl9iYWNrZW5kIjoiZGphbmdvLmNvbnRyaWIuYXV0aC5iYWNrZW5kcy5Nb2RlbEJhY2tlbmQiLCJfYXV0aF91c2VyX2hhc2giOiJkZjZhMjdlM2RmM2NkZjg3MWRhYjRhMTc1YzA2M2NkNzIwNWM4OTU5In0=	2017-03-08 14:58:12.249078-05
vu5kb3jtuv3eruxaptht5lkokh0wlcmn	MjY3YzVlZjRkNGJhNzcxNTM4ZWYyN2FjMzc5NmQxY2Q2MzNlMjFhZTp7Il9hdXRoX3VzZXJfaWQiOiIyIiwiX2F1dGhfdXNlcl9iYWNrZW5kIjoiZGphbmdvLmNvbnRyaWIuYXV0aC5iYWNrZW5kcy5Nb2RlbEJhY2tlbmQiLCJfYXV0aF91c2VyX2hhc2giOiJkZjZhMjdlM2RmM2NkZjg3MWRhYjRhMTc1YzA2M2NkNzIwNWM4OTU5In0=	2017-03-08 15:19:00.806259-05
8pvkf5159ietnejjpuspfewkp06h649u	MjY3YzVlZjRkNGJhNzcxNTM4ZWYyN2FjMzc5NmQxY2Q2MzNlMjFhZTp7Il9hdXRoX3VzZXJfaWQiOiIyIiwiX2F1dGhfdXNlcl9iYWNrZW5kIjoiZGphbmdvLmNvbnRyaWIuYXV0aC5iYWNrZW5kcy5Nb2RlbEJhY2tlbmQiLCJfYXV0aF91c2VyX2hhc2giOiJkZjZhMjdlM2RmM2NkZjg3MWRhYjRhMTc1YzA2M2NkNzIwNWM4OTU5In0=	2017-03-08 15:52:51.410376-05
rlfvxy8gnyvav8jb2w229rj15iikqs5z	MjY3YzVlZjRkNGJhNzcxNTM4ZWYyN2FjMzc5NmQxY2Q2MzNlMjFhZTp7Il9hdXRoX3VzZXJfaWQiOiIyIiwiX2F1dGhfdXNlcl9iYWNrZW5kIjoiZGphbmdvLmNvbnRyaWIuYXV0aC5iYWNrZW5kcy5Nb2RlbEJhY2tlbmQiLCJfYXV0aF91c2VyX2hhc2giOiJkZjZhMjdlM2RmM2NkZjg3MWRhYjRhMTc1YzA2M2NkNzIwNWM4OTU5In0=	2017-03-09 09:24:47.281596-05
qrho6lbymd05s6ngvd7lhxmaaa6ivkcw	MjY3YzVlZjRkNGJhNzcxNTM4ZWYyN2FjMzc5NmQxY2Q2MzNlMjFhZTp7Il9hdXRoX3VzZXJfaWQiOiIyIiwiX2F1dGhfdXNlcl9iYWNrZW5kIjoiZGphbmdvLmNvbnRyaWIuYXV0aC5iYWNrZW5kcy5Nb2RlbEJhY2tlbmQiLCJfYXV0aF91c2VyX2hhc2giOiJkZjZhMjdlM2RmM2NkZjg3MWRhYjRhMTc1YzA2M2NkNzIwNWM4OTU5In0=	2017-03-09 10:07:52.051964-05
x2vjhg5usue2xchfmdahyat262mkwbz2	MjY3YzVlZjRkNGJhNzcxNTM4ZWYyN2FjMzc5NmQxY2Q2MzNlMjFhZTp7Il9hdXRoX3VzZXJfaWQiOiIyIiwiX2F1dGhfdXNlcl9iYWNrZW5kIjoiZGphbmdvLmNvbnRyaWIuYXV0aC5iYWNrZW5kcy5Nb2RlbEJhY2tlbmQiLCJfYXV0aF91c2VyX2hhc2giOiJkZjZhMjdlM2RmM2NkZjg3MWRhYjRhMTc1YzA2M2NkNzIwNWM4OTU5In0=	2017-03-09 10:13:19.688235-05
j1ijd2jxm6sx458dwjeoe6l90do8vqn9	MjY3YzVlZjRkNGJhNzcxNTM4ZWYyN2FjMzc5NmQxY2Q2MzNlMjFhZTp7Il9hdXRoX3VzZXJfaWQiOiIyIiwiX2F1dGhfdXNlcl9iYWNrZW5kIjoiZGphbmdvLmNvbnRyaWIuYXV0aC5iYWNrZW5kcy5Nb2RlbEJhY2tlbmQiLCJfYXV0aF91c2VyX2hhc2giOiJkZjZhMjdlM2RmM2NkZjg3MWRhYjRhMTc1YzA2M2NkNzIwNWM4OTU5In0=	2017-03-09 21:25:13.067721-05
5n7gg892ba96ih6d7spfds084ymmx0ai	MjY3YzVlZjRkNGJhNzcxNTM4ZWYyN2FjMzc5NmQxY2Q2MzNlMjFhZTp7Il9hdXRoX3VzZXJfaWQiOiIyIiwiX2F1dGhfdXNlcl9iYWNrZW5kIjoiZGphbmdvLmNvbnRyaWIuYXV0aC5iYWNrZW5kcy5Nb2RlbEJhY2tlbmQiLCJfYXV0aF91c2VyX2hhc2giOiJkZjZhMjdlM2RmM2NkZjg3MWRhYjRhMTc1YzA2M2NkNzIwNWM4OTU5In0=	2017-03-09 11:17:06.899294-05
1n7r07qxs84f5cvkhyoznyf2v23b3kul	MjY3YzVlZjRkNGJhNzcxNTM4ZWYyN2FjMzc5NmQxY2Q2MzNlMjFhZTp7Il9hdXRoX3VzZXJfaWQiOiIyIiwiX2F1dGhfdXNlcl9iYWNrZW5kIjoiZGphbmdvLmNvbnRyaWIuYXV0aC5iYWNrZW5kcy5Nb2RlbEJhY2tlbmQiLCJfYXV0aF91c2VyX2hhc2giOiJkZjZhMjdlM2RmM2NkZjg3MWRhYjRhMTc1YzA2M2NkNzIwNWM4OTU5In0=	2017-03-10 12:55:21.124399-05
b9fbgw2exkjsm0r2zua8nnm2d4dedy6d	MjY3YzVlZjRkNGJhNzcxNTM4ZWYyN2FjMzc5NmQxY2Q2MzNlMjFhZTp7Il9hdXRoX3VzZXJfaWQiOiIyIiwiX2F1dGhfdXNlcl9iYWNrZW5kIjoiZGphbmdvLmNvbnRyaWIuYXV0aC5iYWNrZW5kcy5Nb2RlbEJhY2tlbmQiLCJfYXV0aF91c2VyX2hhc2giOiJkZjZhMjdlM2RmM2NkZjg3MWRhYjRhMTc1YzA2M2NkNzIwNWM4OTU5In0=	2017-03-09 13:44:22.749344-05
f3h5g8et8u95fua8jzv2dh8rcmu7e12p	MjY3YzVlZjRkNGJhNzcxNTM4ZWYyN2FjMzc5NmQxY2Q2MzNlMjFhZTp7Il9hdXRoX3VzZXJfaWQiOiIyIiwiX2F1dGhfdXNlcl9iYWNrZW5kIjoiZGphbmdvLmNvbnRyaWIuYXV0aC5iYWNrZW5kcy5Nb2RlbEJhY2tlbmQiLCJfYXV0aF91c2VyX2hhc2giOiJkZjZhMjdlM2RmM2NkZjg3MWRhYjRhMTc1YzA2M2NkNzIwNWM4OTU5In0=	2017-03-13 14:30:50.634075-04
wu936qyc1o91fq8sby1a4hmmapq77dp1	MjY3YzVlZjRkNGJhNzcxNTM4ZWYyN2FjMzc5NmQxY2Q2MzNlMjFhZTp7Il9hdXRoX3VzZXJfaWQiOiIyIiwiX2F1dGhfdXNlcl9iYWNrZW5kIjoiZGphbmdvLmNvbnRyaWIuYXV0aC5iYWNrZW5kcy5Nb2RlbEJhY2tlbmQiLCJfYXV0aF91c2VyX2hhc2giOiJkZjZhMjdlM2RmM2NkZjg3MWRhYjRhMTc1YzA2M2NkNzIwNWM4OTU5In0=	2017-03-09 14:13:28.843403-05
dkx65cqtwddbg0s62279o6tpdu73ry52	MjY3YzVlZjRkNGJhNzcxNTM4ZWYyN2FjMzc5NmQxY2Q2MzNlMjFhZTp7Il9hdXRoX3VzZXJfaWQiOiIyIiwiX2F1dGhfdXNlcl9iYWNrZW5kIjoiZGphbmdvLmNvbnRyaWIuYXV0aC5iYWNrZW5kcy5Nb2RlbEJhY2tlbmQiLCJfYXV0aF91c2VyX2hhc2giOiJkZjZhMjdlM2RmM2NkZjg3MWRhYjRhMTc1YzA2M2NkNzIwNWM4OTU5In0=	2017-03-13 14:43:07.830174-04
m2n00p1u79umjagfjeht5pa3hpai19zw	MjY3YzVlZjRkNGJhNzcxNTM4ZWYyN2FjMzc5NmQxY2Q2MzNlMjFhZTp7Il9hdXRoX3VzZXJfaWQiOiIyIiwiX2F1dGhfdXNlcl9iYWNrZW5kIjoiZGphbmdvLmNvbnRyaWIuYXV0aC5iYWNrZW5kcy5Nb2RlbEJhY2tlbmQiLCJfYXV0aF91c2VyX2hhc2giOiJkZjZhMjdlM2RmM2NkZjg3MWRhYjRhMTc1YzA2M2NkNzIwNWM4OTU5In0=	2017-03-09 14:18:42.28315-05
0mk2obzlxisgluqkj3mwcjh935190fg8	MjY3YzVlZjRkNGJhNzcxNTM4ZWYyN2FjMzc5NmQxY2Q2MzNlMjFhZTp7Il9hdXRoX3VzZXJfaWQiOiIyIiwiX2F1dGhfdXNlcl9iYWNrZW5kIjoiZGphbmdvLmNvbnRyaWIuYXV0aC5iYWNrZW5kcy5Nb2RlbEJhY2tlbmQiLCJfYXV0aF91c2VyX2hhc2giOiJkZjZhMjdlM2RmM2NkZjg3MWRhYjRhMTc1YzA2M2NkNzIwNWM4OTU5In0=	2017-03-09 14:21:11.84183-05
029v17afyszidxlqi8soyvh92mub46m0	MjY3YzVlZjRkNGJhNzcxNTM4ZWYyN2FjMzc5NmQxY2Q2MzNlMjFhZTp7Il9hdXRoX3VzZXJfaWQiOiIyIiwiX2F1dGhfdXNlcl9iYWNrZW5kIjoiZGphbmdvLmNvbnRyaWIuYXV0aC5iYWNrZW5kcy5Nb2RlbEJhY2tlbmQiLCJfYXV0aF91c2VyX2hhc2giOiJkZjZhMjdlM2RmM2NkZjg3MWRhYjRhMTc1YzA2M2NkNzIwNWM4OTU5In0=	2017-03-09 14:27:46.76833-05
wgmxyz3jwt8stdqmn6x1arh7yu23bw3l	MjY3YzVlZjRkNGJhNzcxNTM4ZWYyN2FjMzc5NmQxY2Q2MzNlMjFhZTp7Il9hdXRoX3VzZXJfaWQiOiIyIiwiX2F1dGhfdXNlcl9iYWNrZW5kIjoiZGphbmdvLmNvbnRyaWIuYXV0aC5iYWNrZW5kcy5Nb2RlbEJhY2tlbmQiLCJfYXV0aF91c2VyX2hhc2giOiJkZjZhMjdlM2RmM2NkZjg3MWRhYjRhMTc1YzA2M2NkNzIwNWM4OTU5In0=	2017-03-09 14:40:06.379588-05
g7xfqplv5rr0fu7qqxrz7swegfktsf8f	MjY3YzVlZjRkNGJhNzcxNTM4ZWYyN2FjMzc5NmQxY2Q2MzNlMjFhZTp7Il9hdXRoX3VzZXJfaWQiOiIyIiwiX2F1dGhfdXNlcl9iYWNrZW5kIjoiZGphbmdvLmNvbnRyaWIuYXV0aC5iYWNrZW5kcy5Nb2RlbEJhY2tlbmQiLCJfYXV0aF91c2VyX2hhc2giOiJkZjZhMjdlM2RmM2NkZjg3MWRhYjRhMTc1YzA2M2NkNzIwNWM4OTU5In0=	2017-03-09 14:43:28.899872-05
75lacq59u6tp63rdo2k0i40e1bksolhq	MjY3YzVlZjRkNGJhNzcxNTM4ZWYyN2FjMzc5NmQxY2Q2MzNlMjFhZTp7Il9hdXRoX3VzZXJfaWQiOiIyIiwiX2F1dGhfdXNlcl9iYWNrZW5kIjoiZGphbmdvLmNvbnRyaWIuYXV0aC5iYWNrZW5kcy5Nb2RlbEJhY2tlbmQiLCJfYXV0aF91c2VyX2hhc2giOiJkZjZhMjdlM2RmM2NkZjg3MWRhYjRhMTc1YzA2M2NkNzIwNWM4OTU5In0=	2017-03-09 14:50:07.111874-05
hwsjo6e2j0mc9yddm30j6taoqoxckn16	MjY3YzVlZjRkNGJhNzcxNTM4ZWYyN2FjMzc5NmQxY2Q2MzNlMjFhZTp7Il9hdXRoX3VzZXJfaWQiOiIyIiwiX2F1dGhfdXNlcl9iYWNrZW5kIjoiZGphbmdvLmNvbnRyaWIuYXV0aC5iYWNrZW5kcy5Nb2RlbEJhY2tlbmQiLCJfYXV0aF91c2VyX2hhc2giOiJkZjZhMjdlM2RmM2NkZjg3MWRhYjRhMTc1YzA2M2NkNzIwNWM4OTU5In0=	2017-03-09 14:53:15.841236-05
4rb54loiwjiyprlwlku7zsacgnzl3g4f	MjY3YzVlZjRkNGJhNzcxNTM4ZWYyN2FjMzc5NmQxY2Q2MzNlMjFhZTp7Il9hdXRoX3VzZXJfaWQiOiIyIiwiX2F1dGhfdXNlcl9iYWNrZW5kIjoiZGphbmdvLmNvbnRyaWIuYXV0aC5iYWNrZW5kcy5Nb2RlbEJhY2tlbmQiLCJfYXV0aF91c2VyX2hhc2giOiJkZjZhMjdlM2RmM2NkZjg3MWRhYjRhMTc1YzA2M2NkNzIwNWM4OTU5In0=	2017-03-09 14:56:39.282257-05
3lfy77e9fe1ywe905psem1re13s81hrq	MjY3YzVlZjRkNGJhNzcxNTM4ZWYyN2FjMzc5NmQxY2Q2MzNlMjFhZTp7Il9hdXRoX3VzZXJfaWQiOiIyIiwiX2F1dGhfdXNlcl9iYWNrZW5kIjoiZGphbmdvLmNvbnRyaWIuYXV0aC5iYWNrZW5kcy5Nb2RlbEJhY2tlbmQiLCJfYXV0aF91c2VyX2hhc2giOiJkZjZhMjdlM2RmM2NkZjg3MWRhYjRhMTc1YzA2M2NkNzIwNWM4OTU5In0=	2017-03-09 15:29:29.898684-05
ag9stfjzvro8ijpxu4r2e2he19f8ikkb	MjY3YzVlZjRkNGJhNzcxNTM4ZWYyN2FjMzc5NmQxY2Q2MzNlMjFhZTp7Il9hdXRoX3VzZXJfaWQiOiIyIiwiX2F1dGhfdXNlcl9iYWNrZW5kIjoiZGphbmdvLmNvbnRyaWIuYXV0aC5iYWNrZW5kcy5Nb2RlbEJhY2tlbmQiLCJfYXV0aF91c2VyX2hhc2giOiJkZjZhMjdlM2RmM2NkZjg3MWRhYjRhMTc1YzA2M2NkNzIwNWM4OTU5In0=	2017-03-09 15:35:50.107126-05
\.


--
-- Data for Name: guardian_groupobjectpermission; Type: TABLE DATA; Schema: public; Owner: josh
--

COPY guardian_groupobjectpermission (id, object_pk, content_type_id, group_id, permission_id) FROM stdin;
\.


--
-- Name: guardian_groupobjectpermission_id_seq; Type: SEQUENCE SET; Schema: public; Owner: josh
--

SELECT pg_catalog.setval('guardian_groupobjectpermission_id_seq', 1, false);


--
-- Data for Name: guardian_userobjectpermission; Type: TABLE DATA; Schema: public; Owner: josh
--

COPY guardian_userobjectpermission (id, object_pk, content_type_id, permission_id, user_id) FROM stdin;
\.


--
-- Name: guardian_userobjectpermission_id_seq; Type: SEQUENCE SET; Schema: public; Owner: josh
--

SELECT pg_catalog.setval('guardian_userobjectpermission_id_seq', 1, false);


--
-- Name: workflow_argument_id_seq; Type: SEQUENCE SET; Schema: public; Owner: josh
--

SELECT pg_catalog.setval('workflow_argument_id_seq', 39, true);


--
-- Data for Name: workflow_context; Type: TABLE DATA; Schema: public; Owner: josh
--

COPY workflow_context (id, "values", inherit_id) FROM stdin;
bb55362c-8659-4c14-9094-f73e1410990f	{"editor_role": "Editor", "editor_count": 1, "reviewer_role": "Reviewer", "active_editors": [], "reviewer_count": 3, "invited_editors": [], "finished_editors": []}	\N
c10eea09-5480-4d26-9766-adf8bd63deba	{"editor_role": "Editor", "editor_count": 1, "reviewer_role": "Reviewer", "active_editors": [], "reviewer_count": 3, "invited_editors": [], "ready_to_review": null, "finished_editors": []}	\N
d327eb71-9ab3-4e7c-af0b-b2ff7daaa461	{"editor_role": "Editor", "editor_count": 1, "reviewer_role": "Reviewer", "active_editors": [], "reviewer_count": 3, "invited_editors": [], "finished_editors": []}	\N
5bfba3bf-d556-4b07-aa8e-608ac4f74982	{"editor_role": "Editor", "editor_count": 1, "ready_to_edit": true, "reviewer_role": "Reviewer", "active_editors": [], "reviewer_count": 3, "invited_editors": [], "ready_to_review": null, "finished_editors": [], "resource_identifier": "d8kwe"}	\N
b443cf16-e2d8-49cc-96f2-ab11a4144d4a	{"editor_role": "Editor", "editor_count": 1, "ready_to_edit": true, "reviewer_role": "Reviewer", "active_editors": [], "reviewer_count": 3, "invited_editors": [], "ready_to_review": null, "finished_editors": [], "resource_identifier": "dkje9"}	\N
15905990-63a1-41c5-8679-1eda9602dfc5	{"editor_role": "Editor", "editor_count": 1, "reviewer_role": "Reviewer", "active_editors": [], "reviewer_count": 3, "invited_editors": [], "finished_editors": []}	\N
33051124-272a-4912-9876-eb964066f194	{"editor_role": "Editor", "editor_count": 1, "ready_to_edit": true, "reviewer_role": "Reviewer", "active_editors": [], "reviewer_count": 3, "invited_editors": [], "finished_editors": [], "resource_identifier": "sdon"}	\N
c6ba245c-aff2-42ea-8714-c85c39276ef9	{"editor_role": "Editor", "editor_count": 1, "ready_to_edit": null, "reviewer_role": "Reviewer", "active_editors": [], "reviewer_count": 3, "invited_editors": [], "finished_editors": []}	\N
abcf573a-36d5-4604-b571-b992c7eb4419	{"rsvp": "Accept", "invitee": "admin", "editor_role": "Editor", "editor_count": 1, "ready_to_edit": true, "reviewer_role": "Reviewer", "active_editors": null, "reviewer_count": 3, "invited_editors": ["admin"], "ready_to_review": null, "finished_editors": [], "editors_to_invite": [{"username": "admin"}], "resource_identifier": "d9kwo"}	\N
a174b8c3-5a57-42fd-80cb-771eafd0b24b	{"editor_role": "Editor", "editor_count": 1, "ready_to_edit": null, "reviewer_role": "Reviewer", "active_editors": [], "reviewer_count": 3, "invited_editors": [], "finished_editors": []}	\N
86bf7f30-ecd2-49fa-8fab-ba78506a62cd	{"editor_role": "Editor", "editor_count": 1, "ready_to_edit": true, "reviewer_role": "Reviewer", "active_editors": [], "reviewer_count": 3, "invited_editors": [], "ready_to_review": null, "finished_editors": [], "resource_identifier": "dkei4"}	\N
fdda6176-b042-419b-8d18-4c018219a01d	{"editor_role": "Editor", "editor_count": 1, "ready_to_edit": true, "reviewer_role": "Reviewer", "active_editors": [], "reviewer_count": 3, "invited_editors": ["admin"], "ready_to_review": null, "finished_editors": [], "editors_to_invite": [{"username": "admin"}], "resource_identifier": "d093l"}	\N
ea64754a-4b3b-47af-914d-10122264cecb	{"editor_role": "Editor", "editor_count": 1, "ready_to_edit": true, "reviewer_role": "Reviewer", "active_editors": [], "reviewer_count": 3, "invited_editors": [], "ready_to_review": null, "finished_editors": [], "resource_identifier": "dd89w"}	\N
b0ec5dc5-b7de-406c-adc9-a49224e1e953	{"editor_role": "Editor", "editor_count": 1, "ready_to_edit": true, "reviewer_role": "Reviewer", "active_editors": [], "reviewer_count": 3, "invited_editors": [], "ready_to_review": null, "finished_editors": [], "resource_identifier": "d9el3"}	\N
d1f29348-215e-4758-a714-aca2d8450937	{"editor_role": "Editor", "editor_count": 1, "ready_to_edit": true, "reviewer_role": "Reviewer", "active_editors": [], "reviewer_count": 3, "invited_editors": [], "ready_to_review": null, "finished_editors": [], "resource_identifier": "dsniu"}	\N
7a0835fc-089d-4769-9ad3-ef2b7364a186	{"rsvp": "Accept", "invitee": "admin", "editor_role": "Editor", "editor_count": 1, "ready_to_edit": true, "reviewer_role": "Reviewer", "active_editors": null, "reviewer_count": 3, "invited_editors": ["admin"], "ready_to_review": null, "finished_editors": [], "editors_to_invite": [{"username": "admin"}], "resource_identifier": "s93op"}	\N
f1d7ccc3-53e2-43a0-8eb6-04b348f64525	{"editor_role": "Editor", "editor_count": 1, "ready_to_edit": null, "reviewer_role": "Reviewer", "active_editors": [], "reviewer_count": 3, "invited_editors": [], "finished_editors": []}	\N
4aa527bd-7bb1-4b8c-87bc-2acdcab532c7	{"rsvp": "Accept", "invitee": "admin", "editor_role": "Editor", "editor_count": 1, "ready_to_edit": true, "reviewer_role": "Reviewer", "active_editors": [], "reviewer_count": 3, "invited_editors": ["admin"], "ready_to_review": null, "finished_editors": [], "editors_to_invite": [{"username": "admin"}], "resource_identifier": "d0943"}	\N
ab5c4d9a-0fc1-4e49-ba88-e02e4f6d4c19	{"editor_role": "Editor", "editor_count": 1, "ready_to_edit": null, "reviewer_role": "Reviewer", "active_editors": [], "reviewer_count": 3, "invited_editors": [], "finished_editors": []}	\N
9bd6768c-54ad-47ca-a2b4-5496bcd7e52f	{"rsvp": "Accept", "invitee": "admin", "editor_role": "Editor", "editor_count": 1, "ready_to_edit": true, "reviewer_role": "Reviewer", "active_editors": null, "reviewer_count": 3, "invited_editors": ["admin"], "ready_to_review": null, "finished_editors": [], "editors_to_invite": [{"username": "admin"}], "resource_identifier": "a93ik"}	\N
3ed11281-f20e-4a1e-bf3d-8e16a3abe241	{"rsvp": "Accept", "invitee": "admin", "editor_role": "Editor", "editor_count": 1, "ready_to_edit": true, "reviewer_role": "Reviewer", "active_editors": [], "reviewer_count": 3, "invited_editors": ["admin"], "ready_to_review": null, "finished_editors": [], "editors_to_invite": [{"username": "admin"}], "resource_identifier": "s9ejl"}	\N
959ce6fd-a336-4ef3-bec0-472c954f6aa9	{"rsvp": "Accept", "invitee": "admin", "editor_role": "Editor", "editor_count": 1, "ready_to_edit": true, "reviewer_role": "Reviewer", "active_editors": ["admin"], "reviewer_count": 3, "invited_editors": ["admin"], "ready_to_review": null, "finished_editors": [], "editors_to_invite": [{"username": "admin"}], "resource_identifier": "d90wjo"}	\N
3adc4e38-0703-45a8-8ee7-6f9ccb8b46cf	{"editor_role": "Editor", "editor_count": 1, "ready_to_edit": null, "reviewer_role": "Reviewer", "active_editors": [], "reviewer_count": 3, "invited_editors": [], "ready_to_review": null, "finished_editors": []}	\N
cd0e3448-188d-4c6c-b7dd-af7000946f75	{"rsvp": "Accept", "invitee": "admin", "editor_role": "Editor", "editor_count": 1, "ready_to_edit": true, "reviewer_role": "Reviewer", "active_editors": ["admin"], "reviewer_count": 3, "finished_editor": "admin", "invited_editors": ["admin"], "ready_to_review": true, "finished_editors": ["admin"], "editors_to_invite": [{"username": "admin"}], "resource_identifier": "nsdf9"}	\N
c5f98164-c3dd-4de8-bb08-f86df95a6624	{"rsvp": "Accept", "invitee": "admin", "editor_role": "Editor", "editor_count": 1, "ready_to_edit": true, "reviewer_role": "Reviewer", "active_editors": ["admin"], "reviewer_count": 3, "invited_editors": ["admin"], "ready_to_review": null, "finished_editors": [], "editors_to_invite": [{"username": "admin"}], "resource_identifier": "d32wf"}	\N
d417cc75-dccd-40a0-8fbf-7be9efbeedfe	{"rsvp": "Accept", "invitee": "admin", "editor_role": "Editor", "editor_count": 1, "ready_to_edit": true, "reviewer_role": "Reviewer", "active_editors": ["admin"], "reviewer_count": 3, "finished_editor": "admin", "invited_editors": ["admin"], "ready_to_review": true, "finished_editors": ["admin"], "editors_to_invite": [{"username": "admin"}], "resource_identifier": "dpowk"}	\N
776b3a10-fa70-49a5-9204-050f9e4df566	{"rsvp": "Accept", "invitee": "admin", "editor_role": "Editor", "editor_count": 1, "ready_to_edit": true, "reviewer_role": "Reviewer", "active_editors": ["admin"], "reviewer_count": 3, "invited_editors": ["admin"], "ready_to_review": null, "finished_editors": [], "editors_to_invite": [{"username": "admin"}], "resource_identifier": "xsa98721"}	\N
a60af71d-dcce-4f63-8c4f-18f28c93d471	{"rsvp": "Accept", "invitee": "admin", "editor_role": "Editor", "editor_count": 1, "ready_to_edit": true, "reviewer_role": "Reviewer", "active_editors": ["admin"], "reviewer_count": 3, "invited_editors": ["admin"], "ready_to_review": null, "finished_editors": [], "editors_to_invite": [{"username": "admin"}], "resource_identifier": "dsuinfb"}	\N
0bdd6948-238d-4444-8690-caa328dbdb14	{"rsvp": "Accept", "invitee": "admin", "editor_role": "Editor", "editor_count": 1, "ready_to_edit": true, "reviewer_role": "Reviewer", "active_editors": ["admin"], "reviewer_count": 3, "finished_editor": "admin", "invited_editors": ["admin"], "ready_to_review": true, "finished_editors": ["admin"], "editors_to_invite": [{"username": "admin"}], "resource_identifier": "jioer"}	\N
5a0fdedb-41bb-4290-add4-85132715e52f	{"rsvp": "Accept", "invitee": "admin", "editor_role": "Editor", "editor_count": 1, "ready_to_edit": true, "reviewer_role": "Reviewer", "active_editors": ["admin"], "reviewer_count": 3, "finished_editor": "admin", "invited_editors": ["admin", "joe"], "ready_to_review": true, "finished_editors": ["admin"], "editors_to_invite": [{"username": "admin"}, {"username": "joe"}], "resource_identifier": "sdc09"}	\N
9e235146-02aa-4059-bc4e-5fa33c92df4c	{"rsvp": "Accept", "invitee": "admin", "editor_role": "Editor", "editor_count": 1, "ready_to_edit": true, "reviewer_role": "Reviewer", "active_editors": ["admin"], "reviewer_count": 3, "invited_editors": ["joe", "admin"], "ready_to_review": null, "finished_editors": [], "editors_to_invite": [{"username": "joe"}, {"username": "admin"}], "resource_identifier": "c9ii3"}	\N
5a89a235-dc81-4954-a499-7d85fefa64dc	{"editor_role": "Editor", "editor_count": 1, "reviewer_role": "Reviewer", "active_editors": [], "reviewer_count": 3, "invited_editors": [], "active_reviewers": [], "finished_editors": [], "invited_reviewers": [], "finished_reviewers": [], "ready_for_decision": null}	\N
85084341-4176-492c-b59d-338c02bfa409	{"rsvp": "Accept", "invitee": "admin", "editor_role": "Editor", "editor_count": 1, "ready_to_edit": true, "reviewer_role": "Reviewer", "active_editors": ["admin"], "reviewer_count": 3, "finished_editor": "admin", "invited_editors": ["admin"], "ready_to_review": true, "finished_editors": ["admin"], "editors_to_invite": [{"username": "admin"}], "resource_identifier": "sdklj"}	\N
b65d25db-c3d7-43ab-b99e-7526b8b79b23	{"rsvp": "Accept", "invitee": "admin", "editor_role": "Editor", "editor_count": 1, "ready_to_edit": true, "reviewer_role": "Reviewer", "active_editors": ["admin"], "reviewer_count": 3, "finished_editor": "admin", "invited_editors": ["admin"], "ready_to_review": true, "finished_editors": ["admin"], "editors_to_invite": [{"username": "admin"}], "resource_identifier": "coiko"}	\N
45342b4f-d29e-4cdc-b102-b898fb51d0a4	{"editor_role": "Editor", "editor_count": 1, "reviewer_role": "Reviewer", "active_editors": [], "reviewer_count": 3, "invited_editors": [], "active_reviewers": [], "finished_editors": [], "invited_reviewers": [], "finished_reviewers": []}	\N
25c473b5-56ed-40a6-a72b-26dae1ef9c12	{"editor_role": "Editor", "editor_count": 1, "reviewer_role": "Reviewer", "active_editors": [], "reviewer_count": 3, "invited_editors": [], "active_reviewers": [], "finished_editors": [], "invited_reviewers": [], "finished_reviewers": [], "ready_for_decision": null}	\N
4f666277-7d73-4af1-ab7f-ecd25a14905b	{"editor_role": "Editor", "editor_count": 1, "reviewer_role": "Reviewer", "active_editors": [], "reviewer_count": 3, "invited_editors": [], "active_reviewers": [], "finished_editors": [], "invited_reviewers": [], "finished_reviewers": [], "ready_for_decision": null}	\N
517ddbb0-b3f6-420b-b74a-57942627e657	{"rsvp": "Accept", "invitee": "admin", "editor_role": "Editor", "editor_count": 1, "ready_to_edit": true, "reviewer_role": "Reviewer", "active_editors": ["admin"], "reviewer_count": 3, "finished_editor": "admin", "invited_editors": ["admin"], "ready_to_review": true, "active_reviewers": [], "finished_editors": ["admin"], "editors_to_invite": [{"username": "admin"}], "invited_reviewers": [], "finished_reviewers": [], "ready_for_decision": null, "resource_identifier": "sncioo"}	\N
6d7c884d-e048-46b9-a001-d1d537d9fe1c	{"editor_role": "Editor", "editor_count": 1, "reviewer_role": "Reviewer", "active_editors": [], "reviewer_count": 3, "invited_editors": [], "active_reviewers": [], "finished_editors": [], "invited_reviewers": [], "finished_reviewers": [], "ready_for_decision": null}	\N
1f718f5e-f8bf-44a9-add5-66ba724d41dc	{"editor_role": "Editor", "editor_count": 1, "reviewer_role": "Reviewer", "active_editors": [], "reviewer_count": 3, "invited_editors": [], "active_reviewers": [], "finished_editors": [], "invited_reviewers": [], "finished_reviewers": []}	\N
3406bd6b-ede0-435b-9596-6c8070f7c3a8	{"rsvp": "Accept", "invitee": "admin", "editor_role": "Editor", "editor_count": 1, "ready_to_edit": true, "reviewer_role": "Reviewer", "active_editors": ["admin"], "reviewer_count": 3, "finished_editor": "admin", "invited_editors": ["admin"], "ready_to_review": true, "active_reviewers": ["admin"], "finished_editors": ["admin"], "editors_to_invite": [{"username": "admin"}], "invited_reviewers": ["admin"], "finished_reviewers": [], "ready_for_decision": null, "resource_identifier": "admin", "reviewers_to_invite": [{"username": "admin"}]}	\N
31d4d646-c838-477a-ad70-72f7319a76ac	{"editor_role": "Editor", "editor_count": 1, "reviewer_role": "Reviewer", "active_editors": [], "reviewer_count": 3, "invited_editors": [], "active_reviewers": [], "finished_editors": [], "invited_reviewers": [], "finished_reviewers": []}	\N
ff24608b-ddb3-40c7-bef4-fe7dcde2c12a	{"rsvp": "Accept", "invitee": "admin", "editor_role": "Editor", "editor_count": 1, "ready_to_edit": true, "reviewer_role": "Reviewer", "active_editors": ["admin"], "reviewer_count": 3, "finished_editor": "admin", "invited_editors": ["admin"], "ready_to_review": true, "active_reviewers": ["admin"], "finished_editors": ["admin"], "editors_to_invite": [{"username": "admin"}], "invited_reviewers": ["admin"], "finished_reviewers": [], "ready_for_decision": null, "resource_identifier": "dsij0", "reviewers_to_invite": [{"username": "admin"}]}	\N
8a85aecc-26c1-4fa9-82be-047b31c0d43e	{"editor_role": "Editor", "editor_count": 1, "reviewer_role": "Reviewer", "active_editors": [], "reviewer_count": 3, "invited_editors": [], "active_reviewers": [], "finished_editors": [], "invited_reviewers": [], "finished_reviewers": []}	\N
fbbf23b7-0a46-44d2-a25e-8dd4f8750a33	{"editor_role": "Editor", "editor_count": 1, "ready_to_edit": null, "reviewer_role": "Reviewer", "active_editors": [], "reviewer_count": 3, "invited_editors": [], "ready_to_review": null, "active_reviewers": [], "finished_editors": [], "invited_reviewers": [], "finished_reviewers": [], "ready_for_decision": null}	\N
385861df-f9b0-4fc8-8f1d-592187b20273	{"rsvp": "Accept", "invitee": "admin", "editor_role": "Editor", "editor_count": 1, "ready_to_edit": true, "reviewer_role": "Reviewer", "active_editors": ["admin"], "reviewer_count": 3, "finished_editor": "admin", "invited_editors": ["admin"], "ready_to_review": true, "active_reviewers": [], "finished_editors": ["admin"], "editors_to_invite": [{"username": "admin"}], "invited_reviewers": [], "finished_reviewers": [], "ready_for_decision": null, "resource_identifier": "ds98b32h"}	\N
8db52beb-2f36-4ef7-9eea-c01b20c66c41	{"rsvp": "Accept", "invitee": "admin", "editor_role": "Editor", "editor_count": 1, "ready_to_edit": true, "reviewer_role": "Reviewer", "active_editors": ["admin"], "reviewer_count": 3, "finished_editor": "admin", "invited_editors": ["admin"], "ready_to_review": true, "active_reviewers": ["admin"], "finished_editors": ["admin"], "editors_to_invite": [{"username": "admin"}], "invited_reviewers": ["admin"], "finished_reviewers": [], "ready_for_decision": null, "resource_identifier": "d432y", "reviewers_to_invite": [{"username": "admin"}]}	\N
ad29ec26-c171-42d6-87d4-9e2ef39330ee	{"editor_role": "Editor", "editor_count": 1, "reviewer_role": "Reviewer", "active_editors": [], "reviewer_count": 3, "invited_editors": [], "active_reviewers": [], "finished_editors": [], "invited_reviewers": [], "finished_reviewers": []}	\N
514b161b-3c52-49e7-94a5-c027022cdaf7	{"editor_role": "Editor", "editor_count": 1, "ready_to_edit": null, "reviewer_role": "Reviewer", "active_editors": [], "reviewer_count": 3, "invited_editors": [], "ready_to_review": null, "active_reviewers": [], "finished_editors": [], "invited_reviewers": [], "finished_reviewers": [], "ready_for_decision": null}	\N
8fd4538b-8c64-49e1-ab4a-fad69288896f	{"editor_role": "Editor", "editor_count": 1, "ready_to_edit": true, "reviewer_role": "Reviewer", "active_editors": [], "reviewer_count": 3, "invited_editors": [], "ready_to_review": null, "active_reviewers": [], "finished_editors": [], "invited_reviewers": [], "finished_reviewers": [], "ready_for_decision": null, "resource_identifier": "d32e"}	\N
c7c1d716-020d-43c0-92f8-2b08a4fbfbb9	{"editor_role": "Editor", "editor_count": 1, "reviewer_role": "Reviewer", "active_editors": [], "reviewer_count": 3, "invited_editors": [], "active_reviewers": [], "finished_editors": [], "invited_reviewers": [], "finished_reviewers": []}	\N
cd74c4ee-5d93-4f25-97f9-e79eaf2054a1	{"editor_role": "Editor", "editor_count": 1, "reviewer_role": "Reviewer", "active_editors": [], "reviewer_count": 3, "invited_editors": [], "active_reviewers": [], "finished_editors": [], "invited_reviewers": [], "finished_reviewers": []}	\N
c712b33d-47bb-40da-9058-1d870cf52217	{"editor_role": "Editor", "editor_count": 1, "reviewer_role": "Reviewer", "active_editors": [], "reviewer_count": 3, "invited_editors": [], "active_reviewers": [], "finished_editors": [], "invited_reviewers": [], "finished_reviewers": []}	\N
13d4c789-79de-427a-9459-3b8f543cad1a	{"editor_role": "Editor", "editor_count": 1, "reviewer_role": "Reviewer", "active_editors": [], "reviewer_count": 3, "invited_editors": [], "active_reviewers": [], "finished_editors": [], "invited_reviewers": [], "finished_reviewers": []}	\N
365d549b-ef5c-4ad3-bf32-42f2d2d6d928	{"editor_role": "Editor", "editor_count": 1, "reviewer_role": "Reviewer", "active_editors": [], "reviewer_count": 3, "invited_editors": [], "active_reviewers": [], "finished_editors": [], "invited_reviewers": [], "finished_reviewers": []}	\N
fa5a3ea3-c8d6-471a-8af7-cea8d01eb508	{"editor_role": "Editor", "editor_count": 1, "reviewer_role": "Reviewer", "active_editors": [], "reviewer_count": 3, "invited_editors": [], "active_reviewers": [], "finished_editors": [], "invited_reviewers": [], "finished_reviewers": []}	\N
b0fef70e-f2b6-4a24-9955-4e9b96e1f0c0	{"editor_role": "Editor", "editor_count": 1, "reviewer_role": "Reviewer", "active_editors": [], "reviewer_count": 3, "invited_editors": [], "active_reviewers": [], "finished_editors": [], "invited_reviewers": [], "finished_reviewers": []}	\N
ca2dbc1c-3830-44ec-82c8-2536704a59b7	{"editor_role": "Editor", "editor_count": 1, "reviewer_role": "Reviewer", "active_editors": [], "reviewer_count": 3, "invited_editors": [], "active_reviewers": [], "finished_editors": [], "invited_reviewers": [], "finished_reviewers": []}	\N
10360c51-dc3b-4356-94a8-43ade58a1ae5	{"editor_role": "Editor", "editor_count": 1, "reviewer_role": "Reviewer", "active_editors": [], "reviewer_count": 3, "invited_editors": [], "active_reviewers": [], "finished_editors": [], "invited_reviewers": [], "finished_reviewers": []}	\N
f18aa7d2-f888-444f-86cf-58a737511426	{"editor_role": "Editor", "editor_count": 1, "reviewer_role": "Reviewer", "active_editors": [], "reviewer_count": 3, "invited_editors": [], "active_reviewers": [], "finished_editors": [], "invited_reviewers": [], "finished_reviewers": []}	\N
d79e82f2-d582-4392-8fef-e229147b21c8	{"editor_role": "Editor", "editor_count": 1, "reviewer_role": "Reviewer", "active_editors": [], "reviewer_count": 3, "invited_editors": [], "active_reviewers": [], "finished_editors": [], "invited_reviewers": [], "finished_reviewers": []}	\N
c60dd8ca-bf37-4fba-8ec6-b7bb206837ad	{"editor_role": "Editor", "editor_count": 1, "reviewer_role": "Reviewer", "active_editors": [], "reviewer_count": 3, "invited_editors": [], "active_reviewers": [], "finished_editors": [], "invited_reviewers": [], "finished_reviewers": []}	\N
c121bbdb-49a8-4543-afa2-13ba9b640b9a	{"editor_role": "Editor", "editor_count": 1, "reviewer_role": "Reviewer", "active_editors": [], "reviewer_count": 3, "invited_editors": [], "active_reviewers": [], "finished_editors": [], "invited_reviewers": [], "finished_reviewers": []}	\N
ccd97c0d-7dda-4c9c-9ba2-8870eb4186a2	{"editor_role": "Editor", "editor_count": 1, "reviewer_role": "Reviewer", "active_editors": [], "reviewer_count": 3, "invited_editors": [], "active_reviewers": [], "finished_editors": [], "invited_reviewers": [], "finished_reviewers": []}	\N
c7927493-cd8a-4514-9a8c-c6f03138d6d1	{"editor_role": "Editor", "editor_count": 1, "reviewer_role": "Reviewer", "active_editors": [], "reviewer_count": 3, "invited_editors": [], "active_reviewers": [], "finished_editors": [], "invited_reviewers": [], "finished_reviewers": []}	\N
275f7d15-7009-4497-8e94-08be08084a3d	{"editor_role": "Editor", "editor_count": 1, "reviewer_role": "Reviewer", "active_editors": [], "reviewer_count": 3, "invited_editors": [], "active_reviewers": [], "finished_editors": [], "invited_reviewers": [], "finished_reviewers": []}	\N
f28169d7-81eb-4200-9e34-e01d9343ea84	{"editor_role": "Editor", "editor_count": 1, "reviewer_role": "Reviewer", "active_editors": [], "reviewer_count": 3, "invited_editors": [], "active_reviewers": [], "finished_editors": [], "invited_reviewers": [], "finished_reviewers": []}	\N
193277e9-6194-4944-8bf2-2b2065f3f304	{"editor_role": "Editor", "editor_count": 1, "reviewer_role": "Reviewer", "active_editors": [], "reviewer_count": 3, "invited_editors": [], "active_reviewers": [], "finished_editors": [], "invited_reviewers": [], "finished_reviewers": []}	\N
e5545a69-1222-41c5-8e36-7e19745f055f	{"editor_role": "Editor", "editor_count": 1, "reviewer_role": "Reviewer", "active_editors": [], "reviewer_count": 3, "invited_editors": [], "active_reviewers": [], "finished_editors": [], "invited_reviewers": [], "finished_reviewers": []}	\N
de664df8-34d9-4e48-93ff-867c942da2eb	{"editor_role": "Editor", "editor_count": 1, "reviewer_role": "Reviewer", "active_editors": [], "reviewer_count": 3, "invited_editors": [], "active_reviewers": [], "finished_editors": [], "invited_reviewers": [], "finished_reviewers": []}	\N
300899f6-195c-4b50-9ee9-c16cdfa22ae4	{"editor_role": "Editor", "editor_count": 1, "reviewer_role": "Reviewer", "active_editors": [], "reviewer_count": 3, "invited_editors": [], "active_reviewers": [], "finished_editors": [], "invited_reviewers": [], "finished_reviewers": []}	\N
4dc443ce-4d6d-416a-bdb7-ed3e9aeb313c	{"editor_role": "Editor", "editor_count": 1, "reviewer_role": "Reviewer", "active_editors": [], "reviewer_count": 3, "invited_editors": [], "active_reviewers": [], "finished_editors": [], "invited_reviewers": [], "finished_reviewers": []}	\N
a35ae1a7-703d-4be6-807d-f01eb849775f	{"editor_role": "Editor", "editor_count": 1, "reviewer_role": "Reviewer", "active_editors": [], "reviewer_count": 3, "invited_editors": [], "active_reviewers": [], "finished_editors": [], "invited_reviewers": [], "finished_reviewers": []}	\N
f94f28ea-f951-4a36-9767-29ee9cc362d4	{"editor_role": "Editor", "editor_count": 1, "reviewer_role": "Reviewer", "active_editors": [], "reviewer_count": 3, "invited_editors": [], "active_reviewers": [], "finished_editors": [], "invited_reviewers": [], "finished_reviewers": []}	\N
f7dd13a3-c408-4d15-a85c-f501164522fb	{"editor_role": "Editor", "editor_count": 1, "reviewer_role": "Reviewer", "active_editors": [], "reviewer_count": 3, "invited_editors": [], "active_reviewers": [], "finished_editors": [], "invited_reviewers": [], "finished_reviewers": []}	\N
cd3cf9af-bca6-442a-8e88-bbc21ddc59fa	{"editor_role": "Editor", "editor_count": 1, "reviewer_role": "Reviewer", "active_editors": [], "reviewer_count": 3, "invited_editors": [], "active_reviewers": [], "finished_editors": [], "invited_reviewers": [], "finished_reviewers": []}	\N
1094b1be-197a-4763-af6c-89a066dd57fe	{"editor_role": "Editor", "editor_count": 1, "reviewer_role": "Reviewer", "active_editors": [], "reviewer_count": 3, "invited_editors": [], "active_reviewers": [], "finished_editors": [], "invited_reviewers": [], "finished_reviewers": []}	\N
0534b6f3-7814-4f64-b4d3-98a03779c6f6	{"editor_role": "Editor", "editor_count": 1, "ready_to_edit": true, "reviewer_role": "Reviewer", "active_editors": [], "reviewer_count": 3, "invited_editors": [], "active_reviewers": [], "finished_editors": [], "invited_reviewers": [], "finished_reviewers": []}	\N
bf0e638e-f4ac-4f69-be1a-40520147fc0d	{"editor_role": "Editor", "editor_count": 1, "ready_to_edit": true, "reviewer_role": "Reviewer", "active_editors": [], "reviewer_count": 3, "invited_editors": [], "ready_to_review": null, "active_reviewers": [], "finished_editors": [], "invited_reviewers": [], "finished_reviewers": [], "ready_for_decision": null}	\N
6870fc91-6592-45b0-9d57-ba75d8c7b66f	{"editor_role": "Editor", "editor_count": 1, "ready_to_edit": true, "reviewer_role": "Reviewer", "active_editors": [], "reviewer_count": 3, "invited_editors": ["joe"], "ready_to_review": null, "active_reviewers": [], "finished_editors": [], "invited_reviewers": [], "finished_reviewers": [], "ready_for_decision": null}	\N
3a1302e3-164b-4539-8f3e-c02e6139957b	{"editor_role": "Editor", "editor_count": 1, "ready_to_edit": null, "reviewer_role": "Reviewer", "active_editors": [], "reviewer_count": 3, "invited_editors": [], "ready_to_review": null, "active_reviewers": [], "finished_editors": [], "invited_reviewers": [], "finished_reviewers": [], "ready_for_decision": null}	\N
86f961eb-6d30-4984-be65-b52e73d1cbc3	{"editor_role": "Editor", "editor_count": 1, "ready_to_edit": null, "reviewer_role": "Reviewer", "active_editors": [], "reviewer_count": 1, "invited_editors": [], "ready_to_review": null, "active_reviewers": [], "finished_editors": [], "invited_reviewers": [], "finished_reviewers": [], "ready_for_decision": null}	\N
c1d43395-6ff7-438d-8590-7384fb7eb002	{"editor_role": "Editor", "editor_count": 1, "ready_to_edit": true, "reviewer_role": "Reviewer", "active_editors": ["admin"], "reviewer_count": 1, "invited_editors": ["admin", "joe"], "ready_to_review": true, "active_reviewers": [], "finished_editors": ["admin"], "invited_reviewers": ["bill"], "finished_reviewers": [], "ready_for_decision": null}	\N
9e80bb93-9262-45fa-87f1-e974b39a5ab4	{"editor_role": "Editor", "editor_count": 1, "ready_to_edit": true, "reviewer_role": "Reviewer", "active_editors": [], "reviewer_count": 1, "invited_editors": ["admin", "joe"], "ready_to_review": null, "active_reviewers": [], "finished_editors": [], "invited_reviewers": [], "finished_reviewers": [], "ready_for_decision": null}	\N
a0c993af-e351-4f70-ab68-ce1b10cbd994	{"editor_role": "Editor", "editor_count": 1, "ready_to_edit": true, "reviewer_role": "Reviewer", "active_editors": ["admin"], "reviewer_count": 1, "invited_editors": ["admin"], "ready_to_review": true, "active_reviewers": ["admin"], "finished_editors": ["admin"], "invited_reviewers": ["admin"], "finished_reviewers": ["admin"], "ready_for_decision": true}	\N
15dbc3d3-8a32-47c8-a589-86fc3cba3124	{"editor_role": "Editor", "editor_count": 1, "ready_to_edit": true, "reviewer_role": "Reviewer", "active_editors": ["admin"], "reviewer_count": 3, "invited_editors": ["admin"], "ready_to_review": true, "active_reviewers": ["admin"], "finished_editors": ["admin"], "invited_reviewers": ["admin", "joe"], "finished_reviewers": ["admin"], "ready_for_decision": null}	\N
aef9da56-6051-4131-84b7-dddf0043c240	{"editor_role": "Editor", "editor_count": 1, "ready_to_edit": null, "reviewer_role": "Reviewer", "active_editors": [], "reviewer_count": 1, "invited_editors": [], "ready_to_review": null, "active_reviewers": [], "finished_editors": [], "invited_reviewers": [], "finished_reviewers": [], "ready_for_decision": null}	\N
da2813ae-d987-43c7-a358-5ccd91091f85	{"editor_role": "Editor", "editor_count": 1, "ready_to_edit": true, "reviewer_role": "Reviewer", "active_editors": [], "reviewer_count": 3, "invited_editors": [], "ready_to_review": null, "active_reviewers": [], "finished_editors": [], "invited_reviewers": [], "finished_reviewers": [], "ready_for_decision": null}	\N
a7f35603-f989-4914-b725-1de6fd5d0d35	{"editor_role": "Editor", "editor_count": 1, "ready_to_edit": true, "reviewer_role": "Reviewer", "active_editors": ["admin"], "reviewer_count": 1, "invited_editors": ["admin", "joe"], "ready_to_review": true, "active_reviewers": [], "finished_editors": ["admin"], "invited_reviewers": ["admin"], "finished_reviewers": [], "ready_for_decision": null}	\N
06b6caf0-5721-4642-88bb-3c14e0bb9618	{"editor_role": "Editor", "editor_count": 1, "ready_to_edit": true, "reviewer_role": "Reviewer", "active_editors": ["admin"], "reviewer_count": 1, "invited_editors": ["admin"], "ready_to_review": true, "active_reviewers": ["admin"], "finished_editors": ["admin"], "invited_reviewers": ["admin"], "finished_reviewers": ["admin"], "ready_for_decision": true}	\N
cf637e14-f051-46b9-8949-0a0caaf2cee5	{"editor_role": "Editor", "editor_count": 1, "ready_to_edit": true, "reviewer_role": "Reviewer", "active_editors": ["admin"], "reviewer_count": 1, "invited_editors": ["admin"], "ready_to_review": true, "active_reviewers": [], "finished_editors": ["admin"], "invited_reviewers": ["admin"], "finished_reviewers": [], "ready_for_decision": null}	\N
58a57932-f05a-4263-a926-a2271a9ce4a3	{"editor_role": "Editor", "editor_count": 1, "ready_to_edit": true, "reviewer_role": "Reviewer", "active_editors": [], "reviewer_count": 1, "invited_editors": ["admin", "bill", "admin", "admin", "bill"], "ready_to_review": null, "active_reviewers": [], "finished_editors": [], "invited_reviewers": [], "finished_reviewers": [], "ready_for_decision": null}	\N
389a7138-d710-4a18-823c-2c3583a152f5	{"editor_role": "Editor", "editor_count": 1, "ready_to_edit": true, "reviewer_role": "Reviewer", "active_editors": [], "reviewer_count": 1, "invited_editors": [], "ready_to_review": null, "active_reviewers": [], "finished_editors": [], "invited_reviewers": [], "finished_reviewers": [], "ready_for_decision": null}	\N
85fe168a-df9e-45f7-8863-c403e0d2ea8d	{"editor_role": "Editor", "editor_count": 1, "ready_to_edit": true, "reviewer_role": "Reviewer", "active_editors": ["admin"], "reviewer_count": 1, "invited_editors": ["admin"], "ready_to_review": true, "active_reviewers": ["admin"], "finished_editors": ["admin"], "invited_reviewers": ["admin"], "finished_reviewers": ["admin"], "ready_for_decision": true}	\N
d86b0942-bcf1-4efd-bc05-579d4db7bb1e	{"editor_role": "Editor", "editor_count": 1, "ready_to_edit": true, "reviewer_role": "Reviewer", "active_editors": [], "reviewer_count": 1, "invited_editors": ["admin", "bill", "admin"], "ready_to_review": null, "active_reviewers": [], "finished_editors": [], "invited_reviewers": [], "finished_reviewers": [], "ready_for_decision": null}	\N
46ab8cc0-526c-4fd9-8705-5856607e9737	{"editor_role": "Editor", "editor_count": 1, "ready_to_edit": true, "reviewer_role": "Reviewer", "active_editors": ["admin"], "reviewer_count": 1, "invited_editors": ["admin"], "ready_to_review": true, "active_reviewers": [], "finished_editors": ["admin"], "invited_reviewers": [], "finished_reviewers": [], "ready_for_decision": null}	\N
79615514-bd9f-477a-8164-2bdfee0c675b	{"editor_role": "Editor", "editor_count": 1, "reviewer_role": "Reviewer", "active_editors": [], "reviewer_count": 1, "invited_editors": [], "active_reviewers": [], "finished_editors": [], "invited_reviewers": [], "finished_reviewers": []}	\N
d9e2abbf-d4f1-44a2-91e8-b004ccc70367	{"editor_role": "Editor", "editor_count": 1, "reviewer_role": "Reviewer", "active_editors": [], "reviewer_count": 1, "invited_editors": [], "active_reviewers": [], "finished_editors": [], "invited_reviewers": [], "finished_reviewers": []}	\N
876f0fe4-1799-4786-a6ee-a7be9fdd46d6	{"editor_role": "Editor", "editor_count": 1, "reviewer_role": "Reviewer", "active_editors": [], "reviewer_count": 1, "invited_editors": [], "active_reviewers": [], "finished_editors": [], "invited_reviewers": [], "finished_reviewers": []}	\N
a0715cba-bd9d-4f55-ae96-ecb23c57dbbe	{"editor_role": "Editor", "editor_count": 1, "reviewer_role": "Reviewer", "active_editors": [], "reviewer_count": 1, "invited_editors": [], "active_reviewers": [], "finished_editors": [], "invited_reviewers": [], "finished_reviewers": []}	\N
f2b67ff5-db4e-4960-89f2-412216e7575d	{"editor_role": "Editor", "editor_count": 1, "ready_to_edit": null, "reviewer_role": "Reviewer", "active_editors": [], "reviewer_count": 1, "invited_editors": [], "review_complete": false, "active_reviewers": [], "editing_complete": false, "finished_editors": [], "invited_reviewers": [], "finished_reviewers": [], "workflow_completed": null}	\N
2cd16573-6f02-4605-b404-cda836ce17ac	{"editor_role": "Editor", "editor_count": 1, "ready_to_edit": true, "reviewer_role": "Reviewer", "active_editors": [], "reviewer_count": 1, "invited_editors": [], "review_complete": null, "active_reviewers": [], "editing_complete": null, "finished_editors": [], "invited_reviewers": [], "finished_reviewers": []}	\N
b748bb91-18d6-4138-8f3e-7ad30b4ccd1c	{"editor_role": "Editor", "editor_count": 1, "ready_to_edit": true, "reviewer_role": "Reviewer", "active_editors": [], "reviewer_count": 1, "invited_editors": [], "ready_to_review": null, "review_complete": null, "active_reviewers": [], "editing_complete": false, "finished_editors": [], "invited_reviewers": [], "finished_reviewers": []}	\N
fb868493-0a3d-4f20-a518-44ff6cb3bed4	{"editor_role": "Editor", "editor_count": 1, "ready_to_edit": null, "reviewer_role": "Reviewer", "active_editors": [], "reviewer_count": 1, "invited_editors": [], "review_complete": false, "active_reviewers": [], "editing_complete": false, "finished_editors": [], "invited_reviewers": [], "finished_reviewers": []}	\N
d4c92335-5909-459b-b811-b258cdebe5c5	{"editor_role": "Editor", "editor_count": 1, "ready_to_edit": true, "reviewer_role": "Reviewer", "active_editors": [], "reviewer_count": 1, "invited_editors": [], "ready_to_review": null, "review_complete": null, "active_reviewers": [], "finished_editors": [], "invited_reviewers": [], "finished_reviewers": []}	\N
9f7a5007-83c7-4760-9283-8989b6acebef	{"editor_role": "Editor", "editor_count": 1, "ready_to_edit": null, "reviewer_role": "Reviewer", "active_editors": [], "reviewer_count": 1, "invited_editors": [], "review_complete": false, "active_reviewers": [], "editing_complete": false, "finished_editors": [], "invited_reviewers": [], "finished_reviewers": []}	\N
8adfff3e-2b44-4fe8-9508-d4582211f64a	{"editor_role": "Editor", "editor_count": 1, "ready_to_edit": true, "reviewer_role": "Reviewer", "active_editors": ["admin"], "reviewer_count": 1, "invited_editors": ["admin"], "review_complete": false, "active_reviewers": [], "editing_complete": true, "finished_editors": ["admin"], "invited_reviewers": [], "finished_reviewers": [], "workflow_completed": null}	\N
492dab3d-0246-4489-a959-15abdf8ec146	{"editor_role": "Editor", "editor_count": 1, "ready_to_edit": true, "reviewer_role": "Reviewer", "active_editors": [], "reviewer_count": 1, "invited_editors": [], "review_complete": true, "active_reviewers": [], "editing_complete": true, "finished_editors": ["admin"], "invited_reviewers": [], "finished_reviewers": ["admin"], "workflow_completed": true}	\N
460158bd-d142-4c49-8927-1819af197c20	{"editor_role": "Editor", "editor_count": 1, "ready_to_edit": null, "reviewer_role": "Reviewer", "active_editors": [], "reviewer_count": 1, "invited_editors": [], "review_complete": false, "active_reviewers": [], "editing_complete": false, "finished_editors": [], "invited_reviewers": [], "finished_reviewers": [], "workflow_completed": true}	\N
fbc05270-7d83-4251-b3c9-8a986746e276	{"editor_role": "Editor", "editor_count": 1, "ready_to_edit": null, "reviewer_role": "Reviewer", "active_editors": [], "reviewer_count": 1, "invited_editors": [], "review_complete": false, "active_reviewers": [], "editing_complete": false, "finished_editors": [], "invited_reviewers": [], "finished_reviewers": [], "workflow_completed": true}	\N
b2b40c6b-6e4e-4885-843e-df8910706119	{"editor_role": "Editor", "editor_count": 1, "ready_to_edit": null, "reviewer_role": "Reviewer", "active_editors": [], "reviewer_count": 1, "invited_editors": [], "review_complete": false, "active_reviewers": [], "editing_complete": false, "finished_editors": [], "invited_reviewers": [], "finished_reviewers": [], "workflow_completed": true}	\N
c88bcbe1-e2fc-484a-8fba-6c690f4a8256	{"editor_role": "Editor", "editor_count": 1, "ready_to_edit": null, "reviewer_role": "Reviewer", "active_editors": [], "reviewer_count": 1, "invited_editors": [], "review_complete": false, "active_reviewers": [], "editing_complete": false, "finished_editors": [], "invited_reviewers": [], "finished_reviewers": [], "workflow_completed": true}	\N
9b900647-1953-4481-99c2-7bac2d454c2b	{"editor_role": "Editor", "editor_count": 1, "ready_to_edit": true, "reviewer_role": "Reviewer", "active_editors": ["admin"], "reviewer_count": 1, "invited_editors": ["admin", "bill"], "review_complete": false, "active_reviewers": [], "editing_complete": true, "finished_editors": ["admin"], "invited_reviewers": [], "finished_reviewers": [], "workflow_completed": null}	\N
1b0c6d16-8b92-45a4-a838-61c5d45ed71e	{"editor_role": "Editor", "editor_count": 1, "ready_to_edit": true, "reviewer_role": "Reviewer", "active_editors": ["admin"], "reviewer_count": 1, "invited_editors": ["admin"], "review_complete": false, "active_reviewers": [], "editing_complete": true, "finished_editors": ["admin"], "invited_reviewers": [], "finished_reviewers": [], "workflow_completed": null}	\N
86e55c26-28ae-4cfc-98f1-a00d4cca0eb1	{"editor_role": "Editor", "editor_count": 1, "ready_to_edit": true, "reviewer_role": "Reviewer", "active_editors": ["admin"], "reviewer_count": 1, "invited_editors": ["admin"], "review_complete": false, "active_reviewers": [], "editing_complete": false, "finished_editors": [], "invited_reviewers": [], "finished_reviewers": []}	\N
8c64e844-3b48-44e7-be93-d460869a2a15	{"editor_role": "Editor", "editor_count": 1, "ready_to_edit": true, "reviewer_role": "Reviewer", "active_editors": [], "reviewer_count": 1, "invited_editors": [], "review_complete": false, "active_reviewers": [], "editing_complete": false, "finished_editors": [], "invited_reviewers": [], "finished_reviewers": []}	\N
609b6ff8-7f79-49ab-8400-4a527d22b8ff	{"editor_role": "Editor", "editor_count": 1, "ready_to_edit": true, "reviewer_role": "Reviewer", "active_editors": [], "reviewer_count": 1, "invited_editors": [], "review_complete": true, "active_reviewers": [], "editing_complete": true, "finished_editors": ["admin"], "invited_reviewers": [], "finished_reviewers": ["admin"]}	\N
5f9fd5df-d21f-48a1-b83e-a4cb377ce238	{"editor_role": "Editor", "editor_count": 1, "ready_to_edit": true, "reviewer_role": "Reviewer", "active_editors": [], "reviewer_count": 1, "invited_editors": [], "review_complete": true, "active_reviewers": [], "editing_complete": true, "finished_editors": ["admin"], "invited_reviewers": [], "finished_reviewers": ["admin"], "workflow_completed": true}	\N
9d40ad68-e147-4c25-8a5c-eb7c39fe0b1a	{"editor_role": "Editor", "editor_count": 1, "ready_to_edit": true, "reviewer_role": "Reviewer", "active_editors": [], "reviewer_count": 1, "invited_editors": [], "review_complete": true, "active_reviewers": [], "editing_complete": true, "finished_editors": ["admin"], "invited_reviewers": [], "finished_reviewers": ["admin"]}	\N
74216666-834f-446b-a27c-49da24b22f16	{"editor_role": "Editor", "editor_count": 1, "ready_to_edit": true, "reviewer_role": "Reviewer", "active_editors": [], "reviewer_count": 1, "invited_editors": [], "review_complete": true, "active_reviewers": ["admin"], "editing_complete": true, "finished_editors": ["admin"], "invited_reviewers": ["admin"], "finished_reviewers": ["admin"], "workflow_completed": true}	\N
082f08ae-9e5e-483b-8830-014ce62b1c79	{"editor_role": "Editor", "editor_count": 1, "ready_to_edit": true, "reviewer_role": "Reviewer", "active_editors": [], "reviewer_count": 1, "invited_editors": [], "review_complete": true, "active_reviewers": [], "editing_complete": true, "finished_editors": ["admin"], "invited_reviewers": [], "finished_reviewers": ["admin"]}	\N
045779b4-4471-467d-92d8-071f1ff40f8b	{"editor_role": "Editor", "editor_count": 1, "ready_to_edit": true, "reviewer_role": "Reviewer", "active_editors": [], "reviewer_count": 1, "invited_editors": [], "review_complete": true, "active_reviewers": [], "editing_complete": true, "finished_editors": ["admin"], "invited_reviewers": [], "finished_reviewers": ["admin"]}	\N
bdbf8153-0888-4cdf-97b7-e5ae0cb9d9d6	{"editor_role": "Editor", "editor_count": 1, "ready_to_edit": true, "reviewer_role": "Reviewer", "active_editors": [], "reviewer_count": 1, "invited_editors": [], "review_complete": true, "active_reviewers": [], "editing_complete": true, "finished_editors": ["admin"], "invited_reviewers": [], "finished_reviewers": ["admin"], "workflow_completed": true}	\N
9df56d78-0850-4c69-9a78-611baabb177e	{"editor_role": "Editor", "editor_count": 1, "ready_to_edit": true, "reviewer_role": "Reviewer", "active_editors": [], "reviewer_count": 1, "invited_editors": [], "review_complete": false, "active_reviewers": [], "editing_complete": false, "finished_editors": [], "invited_reviewers": [], "finished_reviewers": [], "workflow_completed": null}	\N
\.


--
-- Data for Name: workflow_context_workflows; Type: TABLE DATA; Schema: public; Owner: josh
--

COPY workflow_context_workflows (id, context_id, workflow_id) FROM stdin;
106	bb55362c-8659-4c14-9094-f73e1410990f	61c02575-ef04-4eff-bf98-cc93098eab9e
107	c10eea09-5480-4d26-9766-adf8bd63deba	61c02575-ef04-4eff-bf98-cc93098eab9e
108	d327eb71-9ab3-4e7c-af0b-b2ff7daaa461	61c02575-ef04-4eff-bf98-cc93098eab9e
109	b443cf16-e2d8-49cc-96f2-ab11a4144d4a	61c02575-ef04-4eff-bf98-cc93098eab9e
110	33051124-272a-4912-9876-eb964066f194	61c02575-ef04-4eff-bf98-cc93098eab9e
111	c6ba245c-aff2-42ea-8714-c85c39276ef9	61c02575-ef04-4eff-bf98-cc93098eab9e
112	a174b8c3-5a57-42fd-80cb-771eafd0b24b	61c02575-ef04-4eff-bf98-cc93098eab9e
113	ea64754a-4b3b-47af-914d-10122264cecb	61c02575-ef04-4eff-bf98-cc93098eab9e
114	d1f29348-215e-4758-a714-aca2d8450937	61c02575-ef04-4eff-bf98-cc93098eab9e
115	5bfba3bf-d556-4b07-aa8e-608ac4f74982	61c02575-ef04-4eff-bf98-cc93098eab9e
116	86bf7f30-ecd2-49fa-8fab-ba78506a62cd	61c02575-ef04-4eff-bf98-cc93098eab9e
117	b0ec5dc5-b7de-406c-adc9-a49224e1e953	61c02575-ef04-4eff-bf98-cc93098eab9e
118	f1d7ccc3-53e2-43a0-8eb6-04b348f64525	61c02575-ef04-4eff-bf98-cc93098eab9e
119	ab5c4d9a-0fc1-4e49-ba88-e02e4f6d4c19	61c02575-ef04-4eff-bf98-cc93098eab9e
120	7a0835fc-089d-4769-9ad3-ef2b7364a186	61c02575-ef04-4eff-bf98-cc93098eab9e
121	15905990-63a1-41c5-8679-1eda9602dfc5	61c02575-ef04-4eff-bf98-cc93098eab9e
122	abcf573a-36d5-4604-b571-b992c7eb4419	61c02575-ef04-4eff-bf98-cc93098eab9e
123	fdda6176-b042-419b-8d18-4c018219a01d	61c02575-ef04-4eff-bf98-cc93098eab9e
124	4aa527bd-7bb1-4b8c-87bc-2acdcab532c7	61c02575-ef04-4eff-bf98-cc93098eab9e
125	9bd6768c-54ad-47ca-a2b4-5496bcd7e52f	61c02575-ef04-4eff-bf98-cc93098eab9e
126	3ed11281-f20e-4a1e-bf3d-8e16a3abe241	61c02575-ef04-4eff-bf98-cc93098eab9e
127	959ce6fd-a336-4ef3-bec0-472c954f6aa9	61c02575-ef04-4eff-bf98-cc93098eab9e
128	3adc4e38-0703-45a8-8ee7-6f9ccb8b46cf	61c02575-ef04-4eff-bf98-cc93098eab9e
129	9e235146-02aa-4059-bc4e-5fa33c92df4c	61c02575-ef04-4eff-bf98-cc93098eab9e
130	c5f98164-c3dd-4de8-bb08-f86df95a6624	61c02575-ef04-4eff-bf98-cc93098eab9e
131	a60af71d-dcce-4f63-8c4f-18f28c93d471	61c02575-ef04-4eff-bf98-cc93098eab9e
132	776b3a10-fa70-49a5-9204-050f9e4df566	61c02575-ef04-4eff-bf98-cc93098eab9e
133	5a0fdedb-41bb-4290-add4-85132715e52f	61c02575-ef04-4eff-bf98-cc93098eab9e
134	d417cc75-dccd-40a0-8fbf-7be9efbeedfe	61c02575-ef04-4eff-bf98-cc93098eab9e
135	cd0e3448-188d-4c6c-b7dd-af7000946f75	61c02575-ef04-4eff-bf98-cc93098eab9e
136	0bdd6948-238d-4444-8690-caa328dbdb14	61c02575-ef04-4eff-bf98-cc93098eab9e
137	b65d25db-c3d7-43ab-b99e-7526b8b79b23	61c02575-ef04-4eff-bf98-cc93098eab9e
138	85084341-4176-492c-b59d-338c02bfa409	61c02575-ef04-4eff-bf98-cc93098eab9e
139	45342b4f-d29e-4cdc-b102-b898fb51d0a4	61c02575-ef04-4eff-bf98-cc93098eab9e
140	5a89a235-dc81-4954-a499-7d85fefa64dc	61c02575-ef04-4eff-bf98-cc93098eab9e
141	4f666277-7d73-4af1-ab7f-ecd25a14905b	61c02575-ef04-4eff-bf98-cc93098eab9e
142	25c473b5-56ed-40a6-a72b-26dae1ef9c12	61c02575-ef04-4eff-bf98-cc93098eab9e
143	6d7c884d-e048-46b9-a001-d1d537d9fe1c	61c02575-ef04-4eff-bf98-cc93098eab9e
144	517ddbb0-b3f6-420b-b74a-57942627e657	61c02575-ef04-4eff-bf98-cc93098eab9e
145	1f718f5e-f8bf-44a9-add5-66ba724d41dc	61c02575-ef04-4eff-bf98-cc93098eab9e
146	ff24608b-ddb3-40c7-bef4-fe7dcde2c12a	61c02575-ef04-4eff-bf98-cc93098eab9e
147	3406bd6b-ede0-435b-9596-6c8070f7c3a8	61c02575-ef04-4eff-bf98-cc93098eab9e
148	385861df-f9b0-4fc8-8f1d-592187b20273	61c02575-ef04-4eff-bf98-cc93098eab9e
149	fbbf23b7-0a46-44d2-a25e-8dd4f8750a33	61c02575-ef04-4eff-bf98-cc93098eab9e
150	8fd4538b-8c64-49e1-ab4a-fad69288896f	61c02575-ef04-4eff-bf98-cc93098eab9e
151	514b161b-3c52-49e7-94a5-c027022cdaf7	61c02575-ef04-4eff-bf98-cc93098eab9e
152	8db52beb-2f36-4ef7-9eea-c01b20c66c41	61c02575-ef04-4eff-bf98-cc93098eab9e
153	31d4d646-c838-477a-ad70-72f7319a76ac	61c02575-ef04-4eff-bf98-cc93098eab9e
154	8a85aecc-26c1-4fa9-82be-047b31c0d43e	61c02575-ef04-4eff-bf98-cc93098eab9e
155	ad29ec26-c171-42d6-87d4-9e2ef39330ee	61c02575-ef04-4eff-bf98-cc93098eab9e
156	c7c1d716-020d-43c0-92f8-2b08a4fbfbb9	61c02575-ef04-4eff-bf98-cc93098eab9e
157	cd74c4ee-5d93-4f25-97f9-e79eaf2054a1	61c02575-ef04-4eff-bf98-cc93098eab9e
158	c712b33d-47bb-40da-9058-1d870cf52217	61c02575-ef04-4eff-bf98-cc93098eab9e
159	13d4c789-79de-427a-9459-3b8f543cad1a	61c02575-ef04-4eff-bf98-cc93098eab9e
160	365d549b-ef5c-4ad3-bf32-42f2d2d6d928	61c02575-ef04-4eff-bf98-cc93098eab9e
161	fa5a3ea3-c8d6-471a-8af7-cea8d01eb508	61c02575-ef04-4eff-bf98-cc93098eab9e
162	b0fef70e-f2b6-4a24-9955-4e9b96e1f0c0	61c02575-ef04-4eff-bf98-cc93098eab9e
163	ca2dbc1c-3830-44ec-82c8-2536704a59b7	61c02575-ef04-4eff-bf98-cc93098eab9e
164	10360c51-dc3b-4356-94a8-43ade58a1ae5	61c02575-ef04-4eff-bf98-cc93098eab9e
165	f18aa7d2-f888-444f-86cf-58a737511426	61c02575-ef04-4eff-bf98-cc93098eab9e
166	d79e82f2-d582-4392-8fef-e229147b21c8	61c02575-ef04-4eff-bf98-cc93098eab9e
167	c60dd8ca-bf37-4fba-8ec6-b7bb206837ad	61c02575-ef04-4eff-bf98-cc93098eab9e
168	c121bbdb-49a8-4543-afa2-13ba9b640b9a	61c02575-ef04-4eff-bf98-cc93098eab9e
169	ccd97c0d-7dda-4c9c-9ba2-8870eb4186a2	61c02575-ef04-4eff-bf98-cc93098eab9e
170	c7927493-cd8a-4514-9a8c-c6f03138d6d1	61c02575-ef04-4eff-bf98-cc93098eab9e
171	275f7d15-7009-4497-8e94-08be08084a3d	61c02575-ef04-4eff-bf98-cc93098eab9e
172	f28169d7-81eb-4200-9e34-e01d9343ea84	61c02575-ef04-4eff-bf98-cc93098eab9e
173	193277e9-6194-4944-8bf2-2b2065f3f304	61c02575-ef04-4eff-bf98-cc93098eab9e
174	e5545a69-1222-41c5-8e36-7e19745f055f	61c02575-ef04-4eff-bf98-cc93098eab9e
175	de664df8-34d9-4e48-93ff-867c942da2eb	61c02575-ef04-4eff-bf98-cc93098eab9e
176	300899f6-195c-4b50-9ee9-c16cdfa22ae4	61c02575-ef04-4eff-bf98-cc93098eab9e
177	4dc443ce-4d6d-416a-bdb7-ed3e9aeb313c	61c02575-ef04-4eff-bf98-cc93098eab9e
178	a35ae1a7-703d-4be6-807d-f01eb849775f	61c02575-ef04-4eff-bf98-cc93098eab9e
179	f94f28ea-f951-4a36-9767-29ee9cc362d4	61c02575-ef04-4eff-bf98-cc93098eab9e
180	f7dd13a3-c408-4d15-a85c-f501164522fb	61c02575-ef04-4eff-bf98-cc93098eab9e
181	cd3cf9af-bca6-442a-8e88-bbc21ddc59fa	61c02575-ef04-4eff-bf98-cc93098eab9e
182	1094b1be-197a-4763-af6c-89a066dd57fe	61c02575-ef04-4eff-bf98-cc93098eab9e
183	0534b6f3-7814-4f64-b4d3-98a03779c6f6	61c02575-ef04-4eff-bf98-cc93098eab9e
184	6870fc91-6592-45b0-9d57-ba75d8c7b66f	61c02575-ef04-4eff-bf98-cc93098eab9e
185	bf0e638e-f4ac-4f69-be1a-40520147fc0d	61c02575-ef04-4eff-bf98-cc93098eab9e
186	3a1302e3-164b-4539-8f3e-c02e6139957b	61c02575-ef04-4eff-bf98-cc93098eab9e
187	da2813ae-d987-43c7-a358-5ccd91091f85	61c02575-ef04-4eff-bf98-cc93098eab9e
188	15dbc3d3-8a32-47c8-a589-86fc3cba3124	61c02575-ef04-4eff-bf98-cc93098eab9e
189	a0c993af-e351-4f70-ab68-ce1b10cbd994	61c02575-ef04-4eff-bf98-cc93098eab9e
190	06b6caf0-5721-4642-88bb-3c14e0bb9618	61c02575-ef04-4eff-bf98-cc93098eab9e
191	86f961eb-6d30-4984-be65-b52e73d1cbc3	61c02575-ef04-4eff-bf98-cc93098eab9e
192	aef9da56-6051-4131-84b7-dddf0043c240	61c02575-ef04-4eff-bf98-cc93098eab9e
193	389a7138-d710-4a18-823c-2c3583a152f5	61c02575-ef04-4eff-bf98-cc93098eab9e
194	85fe168a-df9e-45f7-8863-c403e0d2ea8d	61c02575-ef04-4eff-bf98-cc93098eab9e
195	9e80bb93-9262-45fa-87f1-e974b39a5ab4	61c02575-ef04-4eff-bf98-cc93098eab9e
196	c1d43395-6ff7-438d-8590-7384fb7eb002	61c02575-ef04-4eff-bf98-cc93098eab9e
197	58a57932-f05a-4263-a926-a2271a9ce4a3	61c02575-ef04-4eff-bf98-cc93098eab9e
198	d86b0942-bcf1-4efd-bc05-579d4db7bb1e	61c02575-ef04-4eff-bf98-cc93098eab9e
199	a7f35603-f989-4914-b725-1de6fd5d0d35	61c02575-ef04-4eff-bf98-cc93098eab9e
200	cf637e14-f051-46b9-8949-0a0caaf2cee5	61c02575-ef04-4eff-bf98-cc93098eab9e
201	46ab8cc0-526c-4fd9-8705-5856607e9737	61c02575-ef04-4eff-bf98-cc93098eab9e
202	79615514-bd9f-477a-8164-2bdfee0c675b	61c02575-ef04-4eff-bf98-cc93098eab9e
203	d9e2abbf-d4f1-44a2-91e8-b004ccc70367	61c02575-ef04-4eff-bf98-cc93098eab9e
204	876f0fe4-1799-4786-a6ee-a7be9fdd46d6	61c02575-ef04-4eff-bf98-cc93098eab9e
205	a0715cba-bd9d-4f55-ae96-ecb23c57dbbe	61c02575-ef04-4eff-bf98-cc93098eab9e
206	d4c92335-5909-459b-b811-b258cdebe5c5	61c02575-ef04-4eff-bf98-cc93098eab9e
207	9f7a5007-83c7-4760-9283-8989b6acebef	61c02575-ef04-4eff-bf98-cc93098eab9e
208	b748bb91-18d6-4138-8f3e-7ad30b4ccd1c	61c02575-ef04-4eff-bf98-cc93098eab9e
209	fb868493-0a3d-4f20-a518-44ff6cb3bed4	61c02575-ef04-4eff-bf98-cc93098eab9e
210	2cd16573-6f02-4605-b404-cda836ce17ac	61c02575-ef04-4eff-bf98-cc93098eab9e
211	b2b40c6b-6e4e-4885-843e-df8910706119	61c02575-ef04-4eff-bf98-cc93098eab9e
212	fbc05270-7d83-4251-b3c9-8a986746e276	61c02575-ef04-4eff-bf98-cc93098eab9e
213	460158bd-d142-4c49-8927-1819af197c20	61c02575-ef04-4eff-bf98-cc93098eab9e
214	c88bcbe1-e2fc-484a-8fba-6c690f4a8256	61c02575-ef04-4eff-bf98-cc93098eab9e
215	f2b67ff5-db4e-4960-89f2-412216e7575d	61c02575-ef04-4eff-bf98-cc93098eab9e
216	9b900647-1953-4481-99c2-7bac2d454c2b	61c02575-ef04-4eff-bf98-cc93098eab9e
217	8adfff3e-2b44-4fe8-9508-d4582211f64a	61c02575-ef04-4eff-bf98-cc93098eab9e
218	1b0c6d16-8b92-45a4-a838-61c5d45ed71e	61c02575-ef04-4eff-bf98-cc93098eab9e
219	492dab3d-0246-4489-a959-15abdf8ec146	61c02575-ef04-4eff-bf98-cc93098eab9e
220	86e55c26-28ae-4cfc-98f1-a00d4cca0eb1	61c02575-ef04-4eff-bf98-cc93098eab9e
221	8c64e844-3b48-44e7-be93-d460869a2a15	61c02575-ef04-4eff-bf98-cc93098eab9e
222	609b6ff8-7f79-49ab-8400-4a527d22b8ff	61c02575-ef04-4eff-bf98-cc93098eab9e
223	082f08ae-9e5e-483b-8830-014ce62b1c79	61c02575-ef04-4eff-bf98-cc93098eab9e
224	9d40ad68-e147-4c25-8a5c-eb7c39fe0b1a	61c02575-ef04-4eff-bf98-cc93098eab9e
225	045779b4-4471-467d-92d8-071f1ff40f8b	61c02575-ef04-4eff-bf98-cc93098eab9e
226	bdbf8153-0888-4cdf-97b7-e5ae0cb9d9d6	61c02575-ef04-4eff-bf98-cc93098eab9e
227	74216666-834f-446b-a27c-49da24b22f16	61c02575-ef04-4eff-bf98-cc93098eab9e
228	5f9fd5df-d21f-48a1-b83e-a4cb377ce238	61c02575-ef04-4eff-bf98-cc93098eab9e
229	9df56d78-0850-4c69-9a78-611baabb177e	61c02575-ef04-4eff-bf98-cc93098eab9e
\.


--
-- Name: workflow_context_workflows_id_seq; Type: SEQUENCE SET; Schema: public; Owner: josh
--

SELECT pg_catalog.setval('workflow_context_workflows_id_seq', 229, true);


--
-- Data for Name: workflow_message; Type: TABLE DATA; Schema: public; Owner: josh
--

COPY workflow_message (id, message_type, "timestamp", content, ctx_id, response_id) FROM stdin;
e9f73388-fd2c-11e6-8e5d-784f43753f36	Request	2017-02-27 15:40:02.706747-05	Invites an editor to become an editor for this submission.	9df56d78-0850-4c69-9a78-611baabb177e	19a83e92-0642-4921-9d5f-533b6c48b04e
\.


--
-- Data for Name: workflow_message_origin; Type: TABLE DATA; Schema: public; Owner: josh
--

COPY workflow_message_origin (id, message_id, operation_id) FROM stdin;
\.


--
-- Name: workflow_message_origin_id_seq; Type: SEQUENCE SET; Schema: public; Owner: josh
--

SELECT pg_catalog.setval('workflow_message_origin_id_seq', 1, false);


--
-- Data for Name: workflow_operation; Type: TABLE DATA; Schema: public; Owner: josh
--

COPY workflow_operation (id, name, description, operation, view, group_id, return_value_id) FROM stdin;
19a83e92-0642-4921-9d5f-533b6c48b04e	Invite Editors	Invites an editor to become an editor for this submission.	invite_user	invite-user	2	invited_editors
047af463-6857-4e15-b7cb-bfe5ddee483e	Accept Invitation To Edit	Accept this invitation to edit this submission.	accept_invitation	accept-invitation	2	active_editors
e16c9b5c-389f-47cd-b1af-636896e90c43	Accept Invitation To Review	Accept this invitation to review the submission.	accept_invitation	accept-invitation	2	active_reviewers
15592618-d63b-4577-9008-056993f71761	Conclude Editing	Conclude this editing session.	finish_assignment	finish-assignment	2	finished_editors
490faaf4-99bf-401c-8da5-59a2092bf427	Invite Reviewers	Approves a submission and completes the workflow.	invite_user	invite-user	2	invited_reviewers
ff6cd7c2-b4d1-4147-b564-637ef76509be	Finish Review	Finish the review of a submission	finish_assignment	finish-assignment	2	finished_reviewers
0df3e52b-55ee-4402-bdca-1579bb807f75	Associate a Work	Associate a work with the workflow. Use a unique identifier such as an ARK, DOI, or OSF GUID to identify the work that is being considered.	associate_resource	associate-resource	2	ready_to_edit
c00c2979-836d-42ce-8055-f40b4541faba	Decision	Make a decision on this work. If the editing and reviewing is satisfactory, and the work is also currently in satisfactory condition, the work may be accepted. If the work does not meet the standards for acceptance, or the reviews are not acceptable, decline the work.	make_decision	make-decision	2	workflow_completed
1acc91ff-9dda-4714-83ef-6c34f01616b4	Reviews Finished	Returns whether or not the review phase of the workflow is complete	assignments_finished	null	2	review_complete
b9f8a71c-2fc9-4afe-b101-9641204b61d0	Editing Finished	Returns "True" if editing is finished, and "False" if there are Editors that have not finished yet.	assignments_finished		2	editing_complete
\.


--
-- Data for Name: workflow_parameter; Type: TABLE DATA; Schema: public; Owner: josh
--

COPY workflow_parameter (id, name, operation_id, value_id) FROM stdin;
5	invited	047af463-6857-4e15-b7cb-bfe5ddee483e	invited_editors
19	rsvp	047af463-6857-4e15-b7cb-bfe5ddee483e	rsvp
11	users_to_invite	490faaf4-99bf-401c-8da5-59a2092bf427	reviewers_to_invite
12	role	490faaf4-99bf-401c-8da5-59a2092bf427	reviewer_role
20	invited	19a83e92-0642-4921-9d5f-533b6c48b04e	invited_editors
23	invited	490faaf4-99bf-401c-8da5-59a2092bf427	invited_reviewers
24	finished_assignees	b9f8a71c-2fc9-4afe-b101-9641204b61d0	finished_editors
9	required_finished_assignees	b9f8a71c-2fc9-4afe-b101-9641204b61d0	editor_count
13	invited	e16c9b5c-389f-47cd-b1af-636896e90c43	invited_reviewers
14	invitee	e16c9b5c-389f-47cd-b1af-636896e90c43	invitee
27	rsvp	e16c9b5c-389f-47cd-b1af-636896e90c43	rsvp
28	active_assignees	e16c9b5c-389f-47cd-b1af-636896e90c43	active_reviewers
21	active_assignees	047af463-6857-4e15-b7cb-bfe5ddee483e	active_editors
22	finished_assignees	15592618-d63b-4577-9008-056993f71761	finished_editors
8	finished_assignee	15592618-d63b-4577-9008-056993f71761	finished_editor
7	active_assignees	15592618-d63b-4577-9008-056993f71761	active_editors
29	finished_assignees	ff6cd7c2-b4d1-4147-b564-637ef76509be	finished_reviewers
16	finished_assignee	ff6cd7c2-b4d1-4147-b564-637ef76509be	finished_reviewer
15	active_assignees	ff6cd7c2-b4d1-4147-b564-637ef76509be	active_reviewers
34	assignments_finished	490faaf4-99bf-401c-8da5-59a2092bf427	review_complete
35	assignments_finished	ff6cd7c2-b4d1-4147-b564-637ef76509be	review_complete
1	resource_identifier	0df3e52b-55ee-4402-bdca-1579bb807f75	resource_identifier
2	permit	19a83e92-0642-4921-9d5f-533b6c48b04e	ready_to_edit
3	users_to_invite	19a83e92-0642-4921-9d5f-533b6c48b04e	editors_to_invite
4	role	19a83e92-0642-4921-9d5f-533b6c48b04e	editor_role
6	invitee	047af463-6857-4e15-b7cb-bfe5ddee483e	invitee
18	decision	c00c2979-836d-42ce-8055-f40b4541faba	decision
17	ready_for_decision	c00c2979-836d-42ce-8055-f40b4541faba	review_complete
36	assignments_finished	e16c9b5c-389f-47cd-b1af-636896e90c43	review_complete
37	finished_assignees	1acc91ff-9dda-4714-83ef-6c34f01616b4	finished_reviewers
38	required_finished_assignees	1acc91ff-9dda-4714-83ef-6c34f01616b4	reviewer_count
10	permit	490faaf4-99bf-401c-8da5-59a2092bf427	editing_complete
31	assignments_finished	047af463-6857-4e15-b7cb-bfe5ddee483e	editing_complete
33	assignments_finished	15592618-d63b-4577-9008-056993f71761	editing_complete
30	assignments_finished	19a83e92-0642-4921-9d5f-533b6c48b04e	editing_complete
\.


--
-- Data for Name: workflow_resource; Type: TABLE DATA; Schema: public; Owner: josh
--

COPY workflow_resource (id, name, description) FROM stdin;
\.


--
-- Name: workflow_resource_id_seq; Type: SEQUENCE SET; Schema: public; Owner: josh
--

SELECT pg_catalog.setval('workflow_resource_id_seq', 1, false);


--
-- Data for Name: workflow_resource_service; Type: TABLE DATA; Schema: public; Owner: josh
--

COPY workflow_resource_service (id, resource_id, service_id) FROM stdin;
\.


--
-- Name: workflow_resource_service_id_seq; Type: SEQUENCE SET; Schema: public; Owner: josh
--

SELECT pg_catalog.setval('workflow_resource_service_id_seq', 1, false);


--
-- Data for Name: workflow_role; Type: TABLE DATA; Schema: public; Owner: josh
--

COPY workflow_role (id, name, responsibilities, operation_id) FROM stdin;
\.


--
-- Name: workflow_role_id_seq; Type: SEQUENCE SET; Schema: public; Owner: josh
--

SELECT pg_catalog.setval('workflow_role_id_seq', 1, true);


--
-- Data for Name: workflow_service; Type: TABLE DATA; Schema: public; Owner: josh
--

COPY workflow_service (id, name, description, base_url) FROM stdin;
\.


--
-- Name: workflow_service_id_seq; Type: SEQUENCE SET; Schema: public; Owner: josh
--

SELECT pg_catalog.setval('workflow_service_id_seq', 1, false);


--
-- Data for Name: workflow_value; Type: TABLE DATA; Schema: public; Owner: josh
--

COPY workflow_value (key, name, description, type) FROM stdin;
decision	Decision	The decision that defines the outcome of the workflow	IO String
review_complete	Review Complete	Indicates that review is complete and a decision is ready to be made.	Volatile Boolean
rsvp	RSVP	A response to an invitation.	IO String
editing_complete	Editing Complete	Indicates the editing phase of the workflow is complete	Volatile Boolean
resource_identifier	Resource Identifier	A strong, unique identifier of a resource that has been associated with the workflow	IO String
ready_to_edit	Ready To Edit	Indicates a submission is ready to have editors assigned.	Boolean
editor_role	Editor Role	The role of editor.	Role
editor_count	Editor Count	The number of ediors that must complete their edits before the submission is ready for review.	Integer
reviewers_to_invite	Reviewers To Invite	A list of unsers to invite as reviewers on the submission.	IO List String
reviewer_role	Reviewer Role	The Reviewer Role	Role
reviewee	Reviewee	The ID of a user that has accepted the invitation to be an editor.	IO String
invited_editors	Invited Editors	An array containing ids of users that have been invited to be editors.	Volatile List String
active_editors	Active Editors	A list of ids of editors that are actively editing a submission.	Volatile List String
finished_editors	Finished Editors	A list of the IDs of editors that have completed the editing phase in the workflow	Volatile List String
editors_to_invite	Editors to Invite	A list of user ids to invite as editors for the submission.	IO List String
invitee	Invitee	The id of a person accepting the invitation to edit.	IO String
finished_editor	Finished Editor	The id of a editor that has completed their editing.	IO String
invited_reviewers	Invited Reviewers	A list of users that have been invited to be reviewers for the submission.	Volatile List String
finished_reviewers	Finished Reviewers	A list containing the IDs of all reviewers that have completed the review process.	Volatile List String
reviewer_count	Required Reviews Count	The number of reviews required to be completed such that reviewing may be considered complete.	Integer
finished_reviewer	Finished Reviewer	The ID of the reviewer that has completed their review process.	IO String
active_reviewers	Active Reviewers	A list of the reviewers that are actively reviewing the submission	Volatile List String
workflow_completed	Workflow Complete	This is True if the workflow is completed, None otherwise	Any
\.


--
-- Data for Name: workflow_workflow; Type: TABLE DATA; Schema: public; Owner: josh
--

COPY workflow_workflow (id, name, description, group_id, resolver_id) FROM stdin;
61c02575-ef04-4eff-bf98-cc93098eab9e	Example Workflow	This is an example workflow	1	c00c2979-836d-42ce-8055-f40b4541faba
\.


--
-- Name: auth_group auth_group_name_key; Type: CONSTRAINT; Schema: public; Owner: josh
--

ALTER TABLE ONLY auth_group
    ADD CONSTRAINT auth_group_name_key UNIQUE (name);


--
-- Name: auth_group_permissions auth_group_permissions_group_id_0cd325b0_uniq; Type: CONSTRAINT; Schema: public; Owner: josh
--

ALTER TABLE ONLY auth_group_permissions
    ADD CONSTRAINT auth_group_permissions_group_id_0cd325b0_uniq UNIQUE (group_id, permission_id);


--
-- Name: auth_group_permissions auth_group_permissions_pkey; Type: CONSTRAINT; Schema: public; Owner: josh
--

ALTER TABLE ONLY auth_group_permissions
    ADD CONSTRAINT auth_group_permissions_pkey PRIMARY KEY (id);


--
-- Name: auth_group auth_group_pkey; Type: CONSTRAINT; Schema: public; Owner: josh
--

ALTER TABLE ONLY auth_group
    ADD CONSTRAINT auth_group_pkey PRIMARY KEY (id);


--
-- Name: auth_permission auth_permission_content_type_id_01ab375a_uniq; Type: CONSTRAINT; Schema: public; Owner: josh
--

ALTER TABLE ONLY auth_permission
    ADD CONSTRAINT auth_permission_content_type_id_01ab375a_uniq UNIQUE (content_type_id, codename);


--
-- Name: auth_permission auth_permission_pkey; Type: CONSTRAINT; Schema: public; Owner: josh
--

ALTER TABLE ONLY auth_permission
    ADD CONSTRAINT auth_permission_pkey PRIMARY KEY (id);


--
-- Name: auth_user_groups auth_user_groups_pkey; Type: CONSTRAINT; Schema: public; Owner: josh
--

ALTER TABLE ONLY auth_user_groups
    ADD CONSTRAINT auth_user_groups_pkey PRIMARY KEY (id);


--
-- Name: auth_user_groups auth_user_groups_user_id_94350c0c_uniq; Type: CONSTRAINT; Schema: public; Owner: josh
--

ALTER TABLE ONLY auth_user_groups
    ADD CONSTRAINT auth_user_groups_user_id_94350c0c_uniq UNIQUE (user_id, group_id);


--
-- Name: auth_user auth_user_pkey; Type: CONSTRAINT; Schema: public; Owner: josh
--

ALTER TABLE ONLY auth_user
    ADD CONSTRAINT auth_user_pkey PRIMARY KEY (id);


--
-- Name: auth_user_user_permissions auth_user_user_permissions_pkey; Type: CONSTRAINT; Schema: public; Owner: josh
--

ALTER TABLE ONLY auth_user_user_permissions
    ADD CONSTRAINT auth_user_user_permissions_pkey PRIMARY KEY (id);


--
-- Name: auth_user_user_permissions auth_user_user_permissions_user_id_14a6b632_uniq; Type: CONSTRAINT; Schema: public; Owner: josh
--

ALTER TABLE ONLY auth_user_user_permissions
    ADD CONSTRAINT auth_user_user_permissions_user_id_14a6b632_uniq UNIQUE (user_id, permission_id);


--
-- Name: auth_user auth_user_username_key; Type: CONSTRAINT; Schema: public; Owner: josh
--

ALTER TABLE ONLY auth_user
    ADD CONSTRAINT auth_user_username_key UNIQUE (username);


--
-- Name: django_admin_log django_admin_log_pkey; Type: CONSTRAINT; Schema: public; Owner: josh
--

ALTER TABLE ONLY django_admin_log
    ADD CONSTRAINT django_admin_log_pkey PRIMARY KEY (id);


--
-- Name: django_content_type django_content_type_app_label_76bd3d3b_uniq; Type: CONSTRAINT; Schema: public; Owner: josh
--

ALTER TABLE ONLY django_content_type
    ADD CONSTRAINT django_content_type_app_label_76bd3d3b_uniq UNIQUE (app_label, model);


--
-- Name: django_content_type django_content_type_pkey; Type: CONSTRAINT; Schema: public; Owner: josh
--

ALTER TABLE ONLY django_content_type
    ADD CONSTRAINT django_content_type_pkey PRIMARY KEY (id);


--
-- Name: django_migrations django_migrations_pkey; Type: CONSTRAINT; Schema: public; Owner: josh
--

ALTER TABLE ONLY django_migrations
    ADD CONSTRAINT django_migrations_pkey PRIMARY KEY (id);


--
-- Name: django_session django_session_pkey; Type: CONSTRAINT; Schema: public; Owner: josh
--

ALTER TABLE ONLY django_session
    ADD CONSTRAINT django_session_pkey PRIMARY KEY (session_key);


--
-- Name: guardian_groupobjectpermission guardian_groupobjectpermission_group_id_3f189f7c_uniq; Type: CONSTRAINT; Schema: public; Owner: josh
--

ALTER TABLE ONLY guardian_groupobjectpermission
    ADD CONSTRAINT guardian_groupobjectpermission_group_id_3f189f7c_uniq UNIQUE (group_id, permission_id, object_pk);


--
-- Name: guardian_groupobjectpermission guardian_groupobjectpermission_pkey; Type: CONSTRAINT; Schema: public; Owner: josh
--

ALTER TABLE ONLY guardian_groupobjectpermission
    ADD CONSTRAINT guardian_groupobjectpermission_pkey PRIMARY KEY (id);


--
-- Name: guardian_userobjectpermission guardian_userobjectpermission_pkey; Type: CONSTRAINT; Schema: public; Owner: josh
--

ALTER TABLE ONLY guardian_userobjectpermission
    ADD CONSTRAINT guardian_userobjectpermission_pkey PRIMARY KEY (id);


--
-- Name: guardian_userobjectpermission guardian_userobjectpermission_user_id_b0b3d2fc_uniq; Type: CONSTRAINT; Schema: public; Owner: josh
--

ALTER TABLE ONLY guardian_userobjectpermission
    ADD CONSTRAINT guardian_userobjectpermission_user_id_b0b3d2fc_uniq UNIQUE (user_id, permission_id, object_pk);


--
-- Name: workflow_parameter workflow_argument_pkey; Type: CONSTRAINT; Schema: public; Owner: josh
--

ALTER TABLE ONLY workflow_parameter
    ADD CONSTRAINT workflow_argument_pkey PRIMARY KEY (id);


--
-- Name: workflow_context workflow_context_pkey; Type: CONSTRAINT; Schema: public; Owner: josh
--

ALTER TABLE ONLY workflow_context
    ADD CONSTRAINT workflow_context_pkey PRIMARY KEY (id);


--
-- Name: workflow_context_workflows workflow_context_workflows_context_id_829febd9_uniq; Type: CONSTRAINT; Schema: public; Owner: josh
--

ALTER TABLE ONLY workflow_context_workflows
    ADD CONSTRAINT workflow_context_workflows_context_id_829febd9_uniq UNIQUE (context_id, workflow_id);


--
-- Name: workflow_context_workflows workflow_context_workflows_pkey; Type: CONSTRAINT; Schema: public; Owner: josh
--

ALTER TABLE ONLY workflow_context_workflows
    ADD CONSTRAINT workflow_context_workflows_pkey PRIMARY KEY (id);


--
-- Name: workflow_message_origin workflow_message_origin_message_id_ba32e8c8_uniq; Type: CONSTRAINT; Schema: public; Owner: josh
--

ALTER TABLE ONLY workflow_message_origin
    ADD CONSTRAINT workflow_message_origin_message_id_ba32e8c8_uniq UNIQUE (message_id, operation_id);


--
-- Name: workflow_message_origin workflow_message_origin_pkey; Type: CONSTRAINT; Schema: public; Owner: josh
--

ALTER TABLE ONLY workflow_message_origin
    ADD CONSTRAINT workflow_message_origin_pkey PRIMARY KEY (id);


--
-- Name: workflow_message workflow_message_pkey; Type: CONSTRAINT; Schema: public; Owner: josh
--

ALTER TABLE ONLY workflow_message
    ADD CONSTRAINT workflow_message_pkey PRIMARY KEY (id);


--
-- Name: workflow_operation workflow_operation_pkey; Type: CONSTRAINT; Schema: public; Owner: josh
--

ALTER TABLE ONLY workflow_operation
    ADD CONSTRAINT workflow_operation_pkey PRIMARY KEY (id);


--
-- Name: workflow_operation workflow_operation_return_value_id_key; Type: CONSTRAINT; Schema: public; Owner: josh
--

ALTER TABLE ONLY workflow_operation
    ADD CONSTRAINT workflow_operation_return_value_id_key UNIQUE (return_value_id);


--
-- Name: workflow_resource workflow_resource_pkey; Type: CONSTRAINT; Schema: public; Owner: josh
--

ALTER TABLE ONLY workflow_resource
    ADD CONSTRAINT workflow_resource_pkey PRIMARY KEY (id);


--
-- Name: workflow_resource_service workflow_resource_service_pkey; Type: CONSTRAINT; Schema: public; Owner: josh
--

ALTER TABLE ONLY workflow_resource_service
    ADD CONSTRAINT workflow_resource_service_pkey PRIMARY KEY (id);


--
-- Name: workflow_resource_service workflow_resource_service_resource_id_ed775acb_uniq; Type: CONSTRAINT; Schema: public; Owner: josh
--

ALTER TABLE ONLY workflow_resource_service
    ADD CONSTRAINT workflow_resource_service_resource_id_ed775acb_uniq UNIQUE (resource_id, service_id);


--
-- Name: workflow_role workflow_role_pkey; Type: CONSTRAINT; Schema: public; Owner: josh
--

ALTER TABLE ONLY workflow_role
    ADD CONSTRAINT workflow_role_pkey PRIMARY KEY (id);


--
-- Name: workflow_service workflow_service_pkey; Type: CONSTRAINT; Schema: public; Owner: josh
--

ALTER TABLE ONLY workflow_service
    ADD CONSTRAINT workflow_service_pkey PRIMARY KEY (id);


--
-- Name: workflow_value workflow_value_pkey; Type: CONSTRAINT; Schema: public; Owner: josh
--

ALTER TABLE ONLY workflow_value
    ADD CONSTRAINT workflow_value_pkey PRIMARY KEY (key);


--
-- Name: workflow_workflow workflow_workflow_pkey; Type: CONSTRAINT; Schema: public; Owner: josh
--

ALTER TABLE ONLY workflow_workflow
    ADD CONSTRAINT workflow_workflow_pkey PRIMARY KEY (id);


--
-- Name: auth_group_name_a6ea08ec_like; Type: INDEX; Schema: public; Owner: josh
--

CREATE INDEX auth_group_name_a6ea08ec_like ON auth_group USING btree (name varchar_pattern_ops);


--
-- Name: auth_group_permissions_0e939a4f; Type: INDEX; Schema: public; Owner: josh
--

CREATE INDEX auth_group_permissions_0e939a4f ON auth_group_permissions USING btree (group_id);


--
-- Name: auth_group_permissions_8373b171; Type: INDEX; Schema: public; Owner: josh
--

CREATE INDEX auth_group_permissions_8373b171 ON auth_group_permissions USING btree (permission_id);


--
-- Name: auth_permission_417f1b1c; Type: INDEX; Schema: public; Owner: josh
--

CREATE INDEX auth_permission_417f1b1c ON auth_permission USING btree (content_type_id);


--
-- Name: auth_user_groups_0e939a4f; Type: INDEX; Schema: public; Owner: josh
--

CREATE INDEX auth_user_groups_0e939a4f ON auth_user_groups USING btree (group_id);


--
-- Name: auth_user_groups_e8701ad4; Type: INDEX; Schema: public; Owner: josh
--

CREATE INDEX auth_user_groups_e8701ad4 ON auth_user_groups USING btree (user_id);


--
-- Name: auth_user_user_permissions_8373b171; Type: INDEX; Schema: public; Owner: josh
--

CREATE INDEX auth_user_user_permissions_8373b171 ON auth_user_user_permissions USING btree (permission_id);


--
-- Name: auth_user_user_permissions_e8701ad4; Type: INDEX; Schema: public; Owner: josh
--

CREATE INDEX auth_user_user_permissions_e8701ad4 ON auth_user_user_permissions USING btree (user_id);


--
-- Name: auth_user_username_6821ab7c_like; Type: INDEX; Schema: public; Owner: josh
--

CREATE INDEX auth_user_username_6821ab7c_like ON auth_user USING btree (username varchar_pattern_ops);


--
-- Name: django_admin_log_417f1b1c; Type: INDEX; Schema: public; Owner: josh
--

CREATE INDEX django_admin_log_417f1b1c ON django_admin_log USING btree (content_type_id);


--
-- Name: django_admin_log_e8701ad4; Type: INDEX; Schema: public; Owner: josh
--

CREATE INDEX django_admin_log_e8701ad4 ON django_admin_log USING btree (user_id);


--
-- Name: django_session_de54fa62; Type: INDEX; Schema: public; Owner: josh
--

CREATE INDEX django_session_de54fa62 ON django_session USING btree (expire_date);


--
-- Name: django_session_session_key_c0390e0f_like; Type: INDEX; Schema: public; Owner: josh
--

CREATE INDEX django_session_session_key_c0390e0f_like ON django_session USING btree (session_key varchar_pattern_ops);


--
-- Name: guardian_groupobjectpermission_0e939a4f; Type: INDEX; Schema: public; Owner: josh
--

CREATE INDEX guardian_groupobjectpermission_0e939a4f ON guardian_groupobjectpermission USING btree (group_id);


--
-- Name: guardian_groupobjectpermission_417f1b1c; Type: INDEX; Schema: public; Owner: josh
--

CREATE INDEX guardian_groupobjectpermission_417f1b1c ON guardian_groupobjectpermission USING btree (content_type_id);


--
-- Name: guardian_groupobjectpermission_8373b171; Type: INDEX; Schema: public; Owner: josh
--

CREATE INDEX guardian_groupobjectpermission_8373b171 ON guardian_groupobjectpermission USING btree (permission_id);


--
-- Name: guardian_userobjectpermission_417f1b1c; Type: INDEX; Schema: public; Owner: josh
--

CREATE INDEX guardian_userobjectpermission_417f1b1c ON guardian_userobjectpermission USING btree (content_type_id);


--
-- Name: guardian_userobjectpermission_8373b171; Type: INDEX; Schema: public; Owner: josh
--

CREATE INDEX guardian_userobjectpermission_8373b171 ON guardian_userobjectpermission USING btree (permission_id);


--
-- Name: guardian_userobjectpermission_e8701ad4; Type: INDEX; Schema: public; Owner: josh
--

CREATE INDEX guardian_userobjectpermission_e8701ad4 ON guardian_userobjectpermission USING btree (user_id);


--
-- Name: workflow_argument_1741498a; Type: INDEX; Schema: public; Owner: josh
--

CREATE INDEX workflow_argument_1741498a ON workflow_parameter USING btree (operation_id);


--
-- Name: workflow_argument_b0304493; Type: INDEX; Schema: public; Owner: josh
--

CREATE INDEX workflow_argument_b0304493 ON workflow_parameter USING btree (value_id);


--
-- Name: workflow_argument_value_id_9eddd664_like; Type: INDEX; Schema: public; Owner: josh
--

CREATE INDEX workflow_argument_value_id_9eddd664_like ON workflow_parameter USING btree (value_id varchar_pattern_ops);


--
-- Name: workflow_context_71448b6e; Type: INDEX; Schema: public; Owner: josh
--

CREATE INDEX workflow_context_71448b6e ON workflow_context USING btree (inherit_id);


--
-- Name: workflow_context_workflows_846c77cf; Type: INDEX; Schema: public; Owner: josh
--

CREATE INDEX workflow_context_workflows_846c77cf ON workflow_context_workflows USING btree (workflow_id);


--
-- Name: workflow_context_workflows_bc585c3a; Type: INDEX; Schema: public; Owner: josh
--

CREATE INDEX workflow_context_workflows_bc585c3a ON workflow_context_workflows USING btree (context_id);


--
-- Name: workflow_message_b5acf02e; Type: INDEX; Schema: public; Owner: josh
--

CREATE INDEX workflow_message_b5acf02e ON workflow_message USING btree (ctx_id);


--
-- Name: workflow_message_e122f817; Type: INDEX; Schema: public; Owner: josh
--

CREATE INDEX workflow_message_e122f817 ON workflow_message USING btree (response_id);


--
-- Name: workflow_message_origin_1741498a; Type: INDEX; Schema: public; Owner: josh
--

CREATE INDEX workflow_message_origin_1741498a ON workflow_message_origin USING btree (operation_id);


--
-- Name: workflow_message_origin_4ccaa172; Type: INDEX; Schema: public; Owner: josh
--

CREATE INDEX workflow_message_origin_4ccaa172 ON workflow_message_origin USING btree (message_id);


--
-- Name: workflow_operation_0e939a4f; Type: INDEX; Schema: public; Owner: josh
--

CREATE INDEX workflow_operation_0e939a4f ON workflow_operation USING btree (group_id);


--
-- Name: workflow_operation_return_value_id_b69709b9_like; Type: INDEX; Schema: public; Owner: josh
--

CREATE INDEX workflow_operation_return_value_id_b69709b9_like ON workflow_operation USING btree (return_value_id varchar_pattern_ops);


--
-- Name: workflow_resource_service_b0dc1e29; Type: INDEX; Schema: public; Owner: josh
--

CREATE INDEX workflow_resource_service_b0dc1e29 ON workflow_resource_service USING btree (service_id);


--
-- Name: workflow_resource_service_e2f3ef5b; Type: INDEX; Schema: public; Owner: josh
--

CREATE INDEX workflow_resource_service_e2f3ef5b ON workflow_resource_service USING btree (resource_id);


--
-- Name: workflow_role_1741498a; Type: INDEX; Schema: public; Owner: josh
--

CREATE INDEX workflow_role_1741498a ON workflow_role USING btree (operation_id);


--
-- Name: workflow_value_key_6b2cacd8_like; Type: INDEX; Schema: public; Owner: josh
--

CREATE INDEX workflow_value_key_6b2cacd8_like ON workflow_value USING btree (key varchar_pattern_ops);


--
-- Name: workflow_workflow_0e939a4f; Type: INDEX; Schema: public; Owner: josh
--

CREATE INDEX workflow_workflow_0e939a4f ON workflow_workflow USING btree (group_id);


--
-- Name: workflow_workflow_83dc7b7b; Type: INDEX; Schema: public; Owner: josh
--

CREATE INDEX workflow_workflow_83dc7b7b ON workflow_workflow USING btree (resolver_id);


--
-- Name: auth_group_permissions auth_group_permiss_permission_id_84c5c92e_fk_auth_permission_id; Type: FK CONSTRAINT; Schema: public; Owner: josh
--

ALTER TABLE ONLY auth_group_permissions
    ADD CONSTRAINT auth_group_permiss_permission_id_84c5c92e_fk_auth_permission_id FOREIGN KEY (permission_id) REFERENCES auth_permission(id) DEFERRABLE INITIALLY DEFERRED;


--
-- Name: auth_group_permissions auth_group_permissions_group_id_b120cbf9_fk_auth_group_id; Type: FK CONSTRAINT; Schema: public; Owner: josh
--

ALTER TABLE ONLY auth_group_permissions
    ADD CONSTRAINT auth_group_permissions_group_id_b120cbf9_fk_auth_group_id FOREIGN KEY (group_id) REFERENCES auth_group(id) DEFERRABLE INITIALLY DEFERRED;


--
-- Name: auth_permission auth_permiss_content_type_id_2f476e4b_fk_django_content_type_id; Type: FK CONSTRAINT; Schema: public; Owner: josh
--

ALTER TABLE ONLY auth_permission
    ADD CONSTRAINT auth_permiss_content_type_id_2f476e4b_fk_django_content_type_id FOREIGN KEY (content_type_id) REFERENCES django_content_type(id) DEFERRABLE INITIALLY DEFERRED;


--
-- Name: auth_user_groups auth_user_groups_group_id_97559544_fk_auth_group_id; Type: FK CONSTRAINT; Schema: public; Owner: josh
--

ALTER TABLE ONLY auth_user_groups
    ADD CONSTRAINT auth_user_groups_group_id_97559544_fk_auth_group_id FOREIGN KEY (group_id) REFERENCES auth_group(id) DEFERRABLE INITIALLY DEFERRED;


--
-- Name: auth_user_groups auth_user_groups_user_id_6a12ed8b_fk_auth_user_id; Type: FK CONSTRAINT; Schema: public; Owner: josh
--

ALTER TABLE ONLY auth_user_groups
    ADD CONSTRAINT auth_user_groups_user_id_6a12ed8b_fk_auth_user_id FOREIGN KEY (user_id) REFERENCES auth_user(id) DEFERRABLE INITIALLY DEFERRED;


--
-- Name: auth_user_user_permissions auth_user_user_per_permission_id_1fbb5f2c_fk_auth_permission_id; Type: FK CONSTRAINT; Schema: public; Owner: josh
--

ALTER TABLE ONLY auth_user_user_permissions
    ADD CONSTRAINT auth_user_user_per_permission_id_1fbb5f2c_fk_auth_permission_id FOREIGN KEY (permission_id) REFERENCES auth_permission(id) DEFERRABLE INITIALLY DEFERRED;


--
-- Name: auth_user_user_permissions auth_user_user_permissions_user_id_a95ead1b_fk_auth_user_id; Type: FK CONSTRAINT; Schema: public; Owner: josh
--

ALTER TABLE ONLY auth_user_user_permissions
    ADD CONSTRAINT auth_user_user_permissions_user_id_a95ead1b_fk_auth_user_id FOREIGN KEY (user_id) REFERENCES auth_user(id) DEFERRABLE INITIALLY DEFERRED;


--
-- Name: django_admin_log django_admin_content_type_id_c4bce8eb_fk_django_content_type_id; Type: FK CONSTRAINT; Schema: public; Owner: josh
--

ALTER TABLE ONLY django_admin_log
    ADD CONSTRAINT django_admin_content_type_id_c4bce8eb_fk_django_content_type_id FOREIGN KEY (content_type_id) REFERENCES django_content_type(id) DEFERRABLE INITIALLY DEFERRED;


--
-- Name: django_admin_log django_admin_log_user_id_c564eba6_fk_auth_user_id; Type: FK CONSTRAINT; Schema: public; Owner: josh
--

ALTER TABLE ONLY django_admin_log
    ADD CONSTRAINT django_admin_log_user_id_c564eba6_fk_auth_user_id FOREIGN KEY (user_id) REFERENCES auth_user(id) DEFERRABLE INITIALLY DEFERRED;


--
-- Name: guardian_groupobjectpermission guardian_gro_content_type_id_7ade36b8_fk_django_content_type_id; Type: FK CONSTRAINT; Schema: public; Owner: josh
--

ALTER TABLE ONLY guardian_groupobjectpermission
    ADD CONSTRAINT guardian_gro_content_type_id_7ade36b8_fk_django_content_type_id FOREIGN KEY (content_type_id) REFERENCES django_content_type(id) DEFERRABLE INITIALLY DEFERRED;


--
-- Name: guardian_groupobjectpermission guardian_groupobje_permission_id_36572738_fk_auth_permission_id; Type: FK CONSTRAINT; Schema: public; Owner: josh
--

ALTER TABLE ONLY guardian_groupobjectpermission
    ADD CONSTRAINT guardian_groupobje_permission_id_36572738_fk_auth_permission_id FOREIGN KEY (permission_id) REFERENCES auth_permission(id) DEFERRABLE INITIALLY DEFERRED;


--
-- Name: guardian_groupobjectpermission guardian_groupobjectpermissi_group_id_4bbbfb62_fk_auth_group_id; Type: FK CONSTRAINT; Schema: public; Owner: josh
--

ALTER TABLE ONLY guardian_groupobjectpermission
    ADD CONSTRAINT guardian_groupobjectpermissi_group_id_4bbbfb62_fk_auth_group_id FOREIGN KEY (group_id) REFERENCES auth_group(id) DEFERRABLE INITIALLY DEFERRED;


--
-- Name: guardian_userobjectpermission guardian_use_content_type_id_2e892405_fk_django_content_type_id; Type: FK CONSTRAINT; Schema: public; Owner: josh
--

ALTER TABLE ONLY guardian_userobjectpermission
    ADD CONSTRAINT guardian_use_content_type_id_2e892405_fk_django_content_type_id FOREIGN KEY (content_type_id) REFERENCES django_content_type(id) DEFERRABLE INITIALLY DEFERRED;


--
-- Name: guardian_userobjectpermission guardian_userobjec_permission_id_71807bfc_fk_auth_permission_id; Type: FK CONSTRAINT; Schema: public; Owner: josh
--

ALTER TABLE ONLY guardian_userobjectpermission
    ADD CONSTRAINT guardian_userobjec_permission_id_71807bfc_fk_auth_permission_id FOREIGN KEY (permission_id) REFERENCES auth_permission(id) DEFERRABLE INITIALLY DEFERRED;


--
-- Name: guardian_userobjectpermission guardian_userobjectpermission_user_id_d5c1e964_fk_auth_user_id; Type: FK CONSTRAINT; Schema: public; Owner: josh
--

ALTER TABLE ONLY guardian_userobjectpermission
    ADD CONSTRAINT guardian_userobjectpermission_user_id_d5c1e964_fk_auth_user_id FOREIGN KEY (user_id) REFERENCES auth_user(id) DEFERRABLE INITIALLY DEFERRED;


--
-- Name: workflow_context workflow_context_inherit_id_3c7477b7_fk_workflow_context_id; Type: FK CONSTRAINT; Schema: public; Owner: josh
--

ALTER TABLE ONLY workflow_context
    ADD CONSTRAINT workflow_context_inherit_id_3c7477b7_fk_workflow_context_id FOREIGN KEY (inherit_id) REFERENCES workflow_context(id) DEFERRABLE INITIALLY DEFERRED;


--
-- Name: workflow_context_workflows workflow_context_w_workflow_id_379cce2f_fk_workflow_workflow_id; Type: FK CONSTRAINT; Schema: public; Owner: josh
--

ALTER TABLE ONLY workflow_context_workflows
    ADD CONSTRAINT workflow_context_w_workflow_id_379cce2f_fk_workflow_workflow_id FOREIGN KEY (workflow_id) REFERENCES workflow_workflow(id) DEFERRABLE INITIALLY DEFERRED;


--
-- Name: workflow_context_workflows workflow_context_wor_context_id_96c63120_fk_workflow_context_id; Type: FK CONSTRAINT; Schema: public; Owner: josh
--

ALTER TABLE ONLY workflow_context_workflows
    ADD CONSTRAINT workflow_context_wor_context_id_96c63120_fk_workflow_context_id FOREIGN KEY (context_id) REFERENCES workflow_context(id) DEFERRABLE INITIALLY DEFERRED;


--
-- Name: workflow_message workflow_message_ctx_id_7ae5bd8d_fk_workflow_context_id; Type: FK CONSTRAINT; Schema: public; Owner: josh
--

ALTER TABLE ONLY workflow_message
    ADD CONSTRAINT workflow_message_ctx_id_7ae5bd8d_fk_workflow_context_id FOREIGN KEY (ctx_id) REFERENCES workflow_context(id) DEFERRABLE INITIALLY DEFERRED;


--
-- Name: workflow_message_origin workflow_message_operation_id_b30fe258_fk_workflow_operation_id; Type: FK CONSTRAINT; Schema: public; Owner: josh
--

ALTER TABLE ONLY workflow_message_origin
    ADD CONSTRAINT workflow_message_operation_id_b30fe258_fk_workflow_operation_id FOREIGN KEY (operation_id) REFERENCES workflow_operation(id) DEFERRABLE INITIALLY DEFERRED;


--
-- Name: workflow_message_origin workflow_message_ori_message_id_4effbfb5_fk_workflow_message_id; Type: FK CONSTRAINT; Schema: public; Owner: josh
--

ALTER TABLE ONLY workflow_message_origin
    ADD CONSTRAINT workflow_message_ori_message_id_4effbfb5_fk_workflow_message_id FOREIGN KEY (message_id) REFERENCES workflow_message(id) DEFERRABLE INITIALLY DEFERRED;


--
-- Name: workflow_message workflow_message_response_id_231ab371_fk_workflow_operation_id; Type: FK CONSTRAINT; Schema: public; Owner: josh
--

ALTER TABLE ONLY workflow_message
    ADD CONSTRAINT workflow_message_response_id_231ab371_fk_workflow_operation_id FOREIGN KEY (response_id) REFERENCES workflow_operation(id) DEFERRABLE INITIALLY DEFERRED;


--
-- Name: workflow_operation workflow_operati_return_value_id_b69709b9_fk_workflow_value_key; Type: FK CONSTRAINT; Schema: public; Owner: josh
--

ALTER TABLE ONLY workflow_operation
    ADD CONSTRAINT workflow_operati_return_value_id_b69709b9_fk_workflow_value_key FOREIGN KEY (return_value_id) REFERENCES workflow_value(key) DEFERRABLE INITIALLY DEFERRED;


--
-- Name: workflow_operation workflow_operation_group_id_35cdd5d8_fk_auth_group_id; Type: FK CONSTRAINT; Schema: public; Owner: josh
--

ALTER TABLE ONLY workflow_operation
    ADD CONSTRAINT workflow_operation_group_id_35cdd5d8_fk_auth_group_id FOREIGN KEY (group_id) REFERENCES auth_group(id) DEFERRABLE INITIALLY DEFERRED;


--
-- Name: workflow_parameter workflow_paramet_operation_id_fba0e6dd_fk_workflow_operation_id; Type: FK CONSTRAINT; Schema: public; Owner: josh
--

ALTER TABLE ONLY workflow_parameter
    ADD CONSTRAINT workflow_paramet_operation_id_fba0e6dd_fk_workflow_operation_id FOREIGN KEY (operation_id) REFERENCES workflow_operation(id) DEFERRABLE INITIALLY DEFERRED;


--
-- Name: workflow_parameter workflow_parameter_value_id_53583759_fk_workflow_value_key; Type: FK CONSTRAINT; Schema: public; Owner: josh
--

ALTER TABLE ONLY workflow_parameter
    ADD CONSTRAINT workflow_parameter_value_id_53583759_fk_workflow_value_key FOREIGN KEY (value_id) REFERENCES workflow_value(key) DEFERRABLE INITIALLY DEFERRED;


--
-- Name: workflow_resource_service workflow_resource__resource_id_f530811b_fk_workflow_resource_id; Type: FK CONSTRAINT; Schema: public; Owner: josh
--

ALTER TABLE ONLY workflow_resource_service
    ADD CONSTRAINT workflow_resource__resource_id_f530811b_fk_workflow_resource_id FOREIGN KEY (resource_id) REFERENCES workflow_resource(id) DEFERRABLE INITIALLY DEFERRED;


--
-- Name: workflow_resource_service workflow_resource_se_service_id_cad8775d_fk_workflow_service_id; Type: FK CONSTRAINT; Schema: public; Owner: josh
--

ALTER TABLE ONLY workflow_resource_service
    ADD CONSTRAINT workflow_resource_se_service_id_cad8775d_fk_workflow_service_id FOREIGN KEY (service_id) REFERENCES workflow_service(id) DEFERRABLE INITIALLY DEFERRED;


--
-- Name: workflow_role workflow_role_operation_id_86720b57_fk_workflow_operation_id; Type: FK CONSTRAINT; Schema: public; Owner: josh
--

ALTER TABLE ONLY workflow_role
    ADD CONSTRAINT workflow_role_operation_id_86720b57_fk_workflow_operation_id FOREIGN KEY (operation_id) REFERENCES workflow_operation(id) DEFERRABLE INITIALLY DEFERRED;


--
-- Name: workflow_workflow workflow_workflow_group_id_189d28c3_fk_auth_group_id; Type: FK CONSTRAINT; Schema: public; Owner: josh
--

ALTER TABLE ONLY workflow_workflow
    ADD CONSTRAINT workflow_workflow_group_id_189d28c3_fk_auth_group_id FOREIGN KEY (group_id) REFERENCES auth_group(id) DEFERRABLE INITIALLY DEFERRED;


--
-- Name: workflow_workflow workflow_workflow_resolver_id_ef3ba221_fk_workflow_operation_id; Type: FK CONSTRAINT; Schema: public; Owner: josh
--

ALTER TABLE ONLY workflow_workflow
    ADD CONSTRAINT workflow_workflow_resolver_id_ef3ba221_fk_workflow_operation_id FOREIGN KEY (resolver_id) REFERENCES workflow_operation(id) DEFERRABLE INITIALLY DEFERRED;


--
-- PostgreSQL database dump complete
--

